ticker,symbol,tframe,datetime,time,open,high,low,close,tick_volume,spread,real_volume,gap,roll
BIT,BIT$N,D1,2024-04-23,1713830400,342500.0,346020.0,339400.0,340500.0,8403,20,9284,,False
BIT,BIT$N,D1,2024-04-24,1713916800,342980.0,344000.0,329180.0,330700.0,11394,20,13470,2480.0,False
BIT,BIT$N,D1,2024-04-25,1714003200,330780.0,335960.0,327980.0,334480.0,10027,20,11218,80.0,False
BIT,BIT$N,D1,2024-04-26,1714089600,335240.0,339380.0,330120.0,334300.0,742,20,872,760.0,True
BIT,BIT$N,D1,2024-04-29,1714348800,325960.0,329040.0,321060.0,329040.0,9560,20,10680,-8340.0,False
BIT,BIT$N,D1,2024-04-30,1714435200,319700.0,321560.0,298000.0,303000.0,11670,20,13425,-9340.0,False
BIT,BIT$N,D1,2024-05-02,1714608000,305000.0,307980.0,299700.0,302980.0,11726,20,13760,2000.0,False
BIT,BIT$N,D1,2024-05-03,1714694400,304680.0,326940.0,303080.0,326000.0,12739,20,14854,1700.0,False
BIT,BIT$N,D1,2024-05-06,1714953600,327140.0,330340.0,320520.0,322800.0,14204,20,16188,1140.0,False
BIT,BIT$N,D1,2024-05-07,1715040000,324380.0,327060.0,320260.0,320400.0,15910,20,18197,1580.0,False
BIT,BIT$N,D1,2024-05-08,1715126400,318120.0,322240.0,314560.0,318140.0,15557,20,18880,-2280.0,False
BIT,BIT$N,D1,2024-05-09,1715212800,315900.0,325960.0,315480.0,322580.0,15822,20,19288,-2240.0,False
BIT,BIT$N,D1,2024-05-10,1715299200,326340.0,328160.0,312400.0,313620.0,23516,20,29533,3760.0,False
BIT,BIT$N,D1,2024-05-13,1715558400,323300.0,329300.0,321960.0,328580.0,20496,20,23969,9680.0,False
BIT,BIT$N,D1,2024-05-14,1715644800,322160.0,322160.0,315000.0,315500.0,19542,20,23028,-6420.0,False
BIT,BIT$N,D1,2024-05-15,1715731200,322000.0,343480.0,321620.0,341600.0,26306,20,33379,6500.0,False
BIT,BIT$N,D1,2024-05-16,1715817600,341600.0,344840.0,333560.0,339340.0,23788,20,29516,0.0,False
BIT,BIT$N,D1,2024-05-17,1715904000,342240.0,346640.0,338480.0,341900.0,23228,20,30534,2900.0,False
BIT,BIT$N,D1,2024-05-20,1716163200,344000.0,360780.0,341580.0,355940.0,32109,20,41370,2100.0,False
BIT,BIT$N,D1,2024-05-21,1716249600,362960.0,365840.0,355020.0,357300.0,32766,20,40123,7020.0,False
BIT,BIT$N,D1,2024-05-22,1716336000,358180.0,364900.0,357120.0,358000.0,28445,20,35905,880.0,False
BIT,BIT$N,D1,2024-05-23,1716422400,361620.0,362280.0,344000.0,348580.0,36247,20,46853,3620.0,False
BIT,BIT$N,D1,2024-05-24,1716508800,347680.0,359620.0,345620.0,359600.0,32072,20,40911,-900.0,False
BIT,BIT$N,D1,2024-05-27,1716768000,355180.0,366240.0,353420.0,362880.0,45997,20,57725,-4420.0,False
BIT,BIT$N,D1,2024-05-28,1716854400,355840.0,356300.0,347660.0,351500.0,58902,20,85239,-7040.0,False
BIT,BIT$N,D1,2024-05-29,1716940800,349720.0,354640.0,348400.0,348400.0,35462,20,48385,-1780.0,False
BIT,BIT$N,D1,2024-05-31,1717113600,355720.0,364520.0,354120.0,360820.0,21026,20,25911,7320.0,True
BIT,BIT$N,D1,2024-06-03,1717372800,365220.0,373620.0,362920.0,368080.0,45207,20,55464,4400.0,False
BIT,BIT$N,D1,2024-06-04,1717459200,366780.0,380000.0,365840.0,379800.0,53204,20,70165,-1300.0,False
BIT,BIT$N,D1,2024-06-05,1717545600,380060.0,384180.0,375980.0,378940.0,53437,20,68576,260.0,False
BIT,BIT$N,D1,2024-06-06,1717632000,380260.0,382560.0,371780.0,372300.0,47894,20,59980,1320.0,False
BIT,BIT$N,D1,2024-06-07,1717718400,380340.0,382680.0,364660.0,375500.0,61959,20,79266,8040.0,False
BIT,BIT$N,D1,2024-06-10,1717977600,374060.0,379580.0,371680.0,377300.0,47840,20,60897,-1440.0,False
BIT,BIT$N,D1,2024-06-11,1718064000,362940.0,365380.0,357000.0,361600.0,47829,20,58920,-14360.0,False
BIT,BIT$N,D1,2024-06-12,1718150400,365380.0,380960.0,365380.0,371900.0,46264,20,58936,3780.0,False
BIT,BIT$N,D1,2024-06-13,1718236800,368800.0,371820.0,355260.0,355500.0,44768,20,57656,-3100.0,False
BIT,BIT$N,D1,2024-06-14,1718323200,362000.0,364820.0,350040.0,353560.0,45534,20,59137,6500.0,False
BIT,BIT$N,D1,2024-06-17,1718582400,355700.0,366180.0,352620.0,365120.0,61432,20,80741,2140.0,False
BIT,BIT$N,D1,2024-06-18,1718668800,358000.0,358040.0,348560.0,353640.0,62807,20,78522,-7120.0,False
BIT,BIT$N,D1,2024-06-19,1718755200,354760.0,358460.0,350920.0,351740.0,39216,20,50011,1120.0,False
BIT,BIT$N,D1,2024-06-20,1718841600,358240.0,359500.0,350960.0,357220.0,49960,20,63022,6500.0,False
BIT,BIT$N,D1,2024-06-21,1718928000,350500.0,351420.0,344840.0,349780.0,49764,20,62190,-6720.0,False
BIT,BIT$N,D1,2024-06-24,1719187200,334260.0,334900.0,315780.0,316580.0,74629,20,95415,-15520.0,False
BIT,BIT$N,D1,2024-06-25,1719273600,328000.0,340500.0,328000.0,336980.0,65875,20,84568,11420.0,False
BIT,BIT$N,D1,2024-06-26,1719360000,336960.0,341360.0,334640.0,336680.0,56221,20,71022,-20.0,False
BIT,BIT$N,D1,2024-06-27,1719446400,338200.0,344340.0,335600.0,336200.0,53206,20,67017,1520.0,False
BIT,BIT$N,D1,2024-06-28,1719532800,342800.0,345840.0,337620.0,341000.0,30512,20,40070,6600.0,True
BIT,BIT$N,D1,2024-07-01,1719792000,351320.0,364020.0,351320.0,359160.0,43141,20,54094,10320.0,False
BIT,BIT$N,D1,2024-07-02,1719878400,357900.0,359940.0,352340.0,353540.0,55928,20,68455,-1260.0,False
BIT,BIT$N,D1,2024-07-03,1719964800,342960.0,344000.0,332340.0,334120.0,55497,20,66534,-10580.0,False
BIT,BIT$N,D1,2024-07-04,1720051200,320380.0,323120.0,312540.0,320740.0,64446,20,80867,-13740.0,False
BIT,BIT$N,D1,2024-07-05,1720137600,305200.0,314820.0,304220.0,309060.0,66039,20,84535,-15540.0,False
BIT,BIT$N,D1,2024-07-08,1720396800,314400.0,317460.0,303820.0,311740.0,85424,20,108547,5340.0,False
BIT,BIT$N,D1,2024-07-09,1720483200,316260.0,318200.0,311400.0,316220.0,72674,20,94151,4520.0,False
BIT,BIT$N,D1,2024-07-10,1720569600,318180.0,318780.0,311080.0,311680.0,84576,20,105545,1960.0,False
BIT,BIT$N,D1,2024-07-11,1720656000,319320.0,322720.0,312280.0,313600.0,91008,20,109321,7640.0,False
BIT,BIT$N,D1,2024-07-12,1720742400,312280.0,319900.0,311220.0,315080.0,88868,20,108272,-1320.0,False
BIT,BIT$N,D1,2024-07-15,1721001600,334380.0,349900.0,334380.0,349580.0,86786,20,109765,19300.0,False
BIT,BIT$N,D1,2024-07-16,1721088000,348500.0,356760.0,343320.0,351680.0,112245,20,142798,-1080.0,False
BIT,BIT$N,D1,2024-07-17,1721174400,352580.0,359100.0,351700.0,355180.0,91497,20,113048,900.0,False
BIT,BIT$N,D1,2024-07-18,1721260800,356500.0,362360.0,352120.0,355660.0,94407,20,118186,1320.0,False
BIT,BIT$N,D1,2024-07-19,1721347200,353000.0,380660.0,353000.0,378380.0,69530,20,88280,-2660.0,False
BIT,BIT$N,D1,2024-07-22,1721606400,379500.0,381180.0,370660.0,378600.0,100607,20,121421,1120.0,False
BIT,BIT$N,D1,2024-07-23,1721692800,372860.0,375600.0,366020.0,368400.0,117779,20,143045,-5740.0,False
BIT,BIT$N,D1,2024-07-24,1721779200,372700.0,378280.0,371200.0,371880.0,101615,20,126588,4300.0,False
BIT,BIT$N,D1,2024-07-25,1721865600,364520.0,369740.0,359280.0,369320.0,85668,20,107595,-7360.0,False
BIT,BIT$N,D1,2024-07-26,1721952000,381700.0,391320.0,379620.0,390480.0,56348,20,68597,12380.0,True
BIT,BIT$N,D1,2024-07-29,1722211200,399300.0,401280.0,379640.0,382640.0,96435,20,127293,8820.0,False
BIT,BIT$N,D1,2024-07-30,1722297600,378660.0,382680.0,370960.0,374740.0,93722,20,121329,-3980.0,False
BIT,BIT$N,D1,2024-07-31,1722384000,374640.0,382120.0,368380.0,370800.0,91013,20,113170,-100.0,False
BIT,BIT$N,D1,2024-08-01,1722470400,369920.0,376820.0,359320.0,375460.0,95761,20,122360,-880.0,False
BIT,BIT$N,D1,2024-08-02,1722556800,375900.0,379280.0,356180.0,356180.0,100933,20,128810,440.0,False
BIT,BIT$N,D1,2024-08-05,1722816000,307500.0,321160.0,289000.0,315340.0,123364,20,174868,-48680.0,False
BIT,BIT$N,D1,2024-08-06,1722902400,318320.0,325000.0,310320.0,320400.0,107579,20,142319,2980.0,False
BIT,BIT$N,D1,2024-08-07,1722988800,324080.0,325680.0,309500.0,311400.0,107646,20,142507,3680.0,False
BIT,BIT$N,D1,2024-08-08,1723075200,324300.0,337880.0,321580.0,332680.0,103401,20,137627,12900.0,False
BIT,BIT$N,D1,2024-08-09,1723161600,337400.0,339280.0,329440.0,334360.0,103149,20,135949,4720.0,False
BIT,BIT$N,D1,2024-08-12,1723420800,331320.0,334800.0,319680.0,323840.0,113644,20,154071,-3040.0,False
BIT,BIT$N,D1,2024-08-13,1723507200,324760.0,338600.0,323180.0,334080.0,101592,20,137373,920.0,False
BIT,BIT$N,D1,2024-08-14,1723593600,335060.0,338040.0,321700.0,322980.0,101945,20,136283,980.0,False
BIT,BIT$N,D1,2024-08-15,1723680000,322440.0,328820.0,309000.0,313420.0,119592,20,158643,-540.0,False
BIT,BIT$N,D1,2024-08-16,1723766400,321600.0,329000.0,315320.0,325200.0,99063,20,133352,8180.0,False
BIT,BIT$N,D1,2024-08-19,1724025600,322200.0,322460.0,316400.0,320760.0,84036,20,116818,-3000.0,False
BIT,BIT$N,D1,2024-08-20,1724112000,329660.0,333180.0,321580.0,324400.0,89135,20,120082,8900.0,False
BIT,BIT$N,D1,2024-08-21,1724198400,326080.0,340000.0,322640.0,337380.0,102782,20,137580,1680.0,False
BIT,BIT$N,D1,2024-08-22,1724284800,337240.0,340440.0,335220.0,340240.0,83831,20,112100,-140.0,False
BIT,BIT$N,D1,2024-08-23,1724371200,339880.0,357160.0,335420.0,353140.0,98378,20,126277,-360.0,False
BIT,BIT$N,D1,2024-08-26,1724630400,350620.0,352980.0,345820.0,346460.0,85491,20,128079,-2520.0,False
BIT,BIT$N,D1,2024-08-27,1724716800,342720.0,344260.0,337360.0,338020.0,73632,20,109955,-3740.0,False
BIT,BIT$N,D1,2024-08-28,1724803200,331400.0,333460.0,321320.0,329800.0,97867,20,148150,-6620.0,False
BIT,BIT$N,D1,2024-08-29,1724889600,334300.0,345260.0,331320.0,334760.0,98888,20,149101,4500.0,False
BIT,BIT$N,D1,2024-08-30,1724976000,334300.0,341580.0,327340.0,333320.0,65093,20,100386,-460.0,True
BIT,BIT$N,D1,2024-09-02,1725235200,331060.0,335560.0,329600.0,335320.0,65574,20,94324,-2260.0,False
BIT,BIT$N,D1,2024-09-03,1725321600,335000.0,335700.0,326440.0,330240.0,83713,20,126153,-320.0,False
BIT,BIT$N,D1,2024-09-04,1725408000,321860.0,332600.0,318380.0,329820.0,93312,20,141872,-8380.0,False
BIT,BIT$N,D1,2024-09-05,1725494400,321860.0,326000.0,312760.0,314020.0,94232,20,143336,-7960.0,False
BIT,BIT$N,D1,2024-09-06,1725580800,313920.0,318240.0,295540.0,299220.0,119081,20,184022,-100.0,False
BIT,BIT$N,D1,2024-09-09,1725840000,307980.0,325940.0,307180.0,324000.0,107286,20,178234,8760.0,False
BIT,BIT$N,D1,2024-09-10,1725926400,321920.0,330040.0,318700.0,328160.0,100347,20,144523,-2080.0,False
BIT,BIT$N,D1,2024-09-11,1726012800,322000.0,329220.0,314900.0,326100.0,100622,20,145539,-6160.0,False
BIT,BIT$N,D1,2024-09-12,1726099200,329940.0,333600.0,325760.0,327220.0,90184,20,125223,3840.0,False
BIT,BIT$N,D1,2024-09-13,1726185600,326020.0,337520.0,323200.0,335940.0,74779,20,107142,-1200.0,False
BIT,BIT$N,D1,2024-09-16,1726444800,327560.0,328300.0,317700.0,318900.0,69605,20,100302,-8380.0,False
BIT,BIT$N,D1,2024-09-17,1726531200,326320.0,338900.0,324380.0,331080.0,89150,20,130246,7420.0,False
BIT,BIT$N,D1,2024-09-18,1726617600,329020.0,333360.0,324800.0,329780.0,85909,20,125666,-2060.0,False
BIT,BIT$N,D1,2024-09-19,1726704000,340420.0,347580.0,339240.0,342080.0,77862,20,114167,10640.0,False
BIT,BIT$N,D1,2024-09-20,1726790400,345500.0,350000.0,343060.0,349260.0,73908,20,105391,3420.0,False
BIT,BIT$N,D1,2024-09-23,1727049600,351420.0,355540.0,349600.0,351220.0,65664,20,94821,2160.0,False
BIT,BIT$N,D1,2024-09-24,1727136000,350500.0,353520.0,342440.0,349880.0,76383,20,110405,-720.0,False
BIT,BIT$N,D1,2024-09-25,1727222400,348900.0,351540.0,345140.0,347260.0,61787,20,87647,-980.0,False
BIT,BIT$N,D1,2024-09-26,1727308800,351600.0,358300.0,348280.0,352700.0,78731,20,112181,4340.0,False
BIT,BIT$N,D1,2024-09-27,1727395200,357820.0,365640.0,357000.0,357000.0,42823,20,61231,5120.0,True
BIT,BIT$N,D1,2024-09-30,1727654400,349500.0,353480.0,346620.0,350620.0,53651,20,76061,-7500.0,False
BIT,BIT$N,D1,2024-10-01,1727740800,351420.0,351420.0,330020.0,330980.0,98118,20,142493,800.0,False
BIT,BIT$N,D1,2024-10-02,1727827200,333060.0,341580.0,328780.0,333100.0,95028,20,130712,2080.0,False
BIT,BIT$N,D1,2024-10-03,1727913600,332820.0,336880.0,329340.0,336000.0,83422,20,119954,-280.0,False
BIT,BIT$N,D1,2024-10-04,1728000000,338080.0,344520.0,333960.0,343020.0,81476,20,115110,2080.0,False
BIT,BIT$N,D1,2024-10-07,1728259200,346440.0,353640.0,343120.0,349060.0,74368,20,107073,3420.0,False
BIT,BIT$N,D1,2024-10-08,1728345600,346520.0,350240.0,343400.0,347400.0,88098,20,124535,-2540.0,False
BIT,BIT$N,D1,2024-10-09,1728432000,346200.0,349840.0,338100.0,340720.0,75841,20,110526,-1200.0,False
BIT,BIT$N,D1,2024-10-10,1728518400,342920.0,343900.0,329520.0,334840.0,86876,20,119901,2200.0,False
BIT,BIT$N,D1,2024-10-11,1728604800,341360.0,358340.0,341240.0,354900.0,79016,20,124263,6520.0,False
BIT,BIT$N,D1,2024-10-14,1728864000,365400.0,373220.0,364100.0,369080.0,75494,20,113779,10500.0,False
BIT,BIT$N,D1,2024-10-15,1728950400,367000.0,385240.0,366160.0,377120.0,112606,20,166127,-2080.0,False
BIT,BIT$N,D1,2024-10-16,1729036800,385760.0,389140.0,382640.0,383940.0,96847,20,138888,8640.0,False
BIT,BIT$N,D1,2024-10-17,1729123200,380500.0,385360.0,377540.0,377940.0,88120,20,130149,-3440.0,False
BIT,BIT$N,D1,2024-10-18,1729209600,382520.0,393880.0,381880.0,391440.0,83527,20,119457,4580.0,False
BIT,BIT$N,D1,2024-10-21,1729468800,390060.0,391860.0,381340.0,386240.0,81854,20,117846,-1380.0,False
BIT,BIT$N,D1,2024-10-22,1729555200,383420.0,385620.0,379340.0,384080.0,82456,20,119418,-2820.0,False
BIT,BIT$N,D1,2024-10-23,1729641600,379420.0,382780.0,372040.0,378080.0,94927,20,135015,-4660.0,False
BIT,BIT$N,D1,2024-10-24,1729728000,382000.0,389920.0,381900.0,388800.0,84159,20,123364,3920.0,False
BIT,BIT$N,D1,2024-10-25,1729814400,392200.0,395920.0,380560.0,387140.0,82500,20,116532,3400.0,True
BIT,BIT$N,D1,2024-10-28,1730073600,395540.0,407140.0,395220.0,406080.0,102673,20,146731,8400.0,False
BIT,BIT$N,D1,2024-10-29,1730160000,412600.0,430200.0,410700.0,423160.0,130075,20,196602,6520.0,False
BIT,BIT$N,D1,2024-10-30,1730246400,420800.0,426080.0,418360.0,422520.0,90128,20,129969,-2360.0,False
BIT,BIT$N,D1,2024-10-31,1730332800,421920.0,422600.0,407360.0,410220.0,102730,20,155614,-600.0,False
BIT,BIT$N,D1,2024-11-01,1730419200,410220.0,421460.0,406500.0,408480.0,118039,20,166150,0.0,False
BIT,BIT$N,D1,2024-11-04,1730678400,406140.0,406140.0,390860.0,393860.0,106228,20,157183,-2340.0,False
BIT,BIT$N,D1,2024-11-05,1730764800,400860.0,412000.0,398180.0,402820.0,127861,20,191850,7000.0,False
BIT,BIT$N,D1,2024-11-06,1730851200,438000.0,442960.0,427300.0,437980.0,145530,20,232250,35180.0,False
BIT,BIT$N,D1,2024-11-07,1730937600,429120.0,442300.0,424360.0,439040.0,142755,20,209678,-8860.0,False
BIT,BIT$N,D1,2024-11-08,1731024000,439680.0,448860.0,439620.0,443760.0,113595,20,161279,640.0,False
BIT,BIT$N,D1,2024-11-11,1731283200,479560.0,515180.0,476300.0,515160.0,198863,20,288332,35800.0,False
BIT,BIT$N,D1,2024-11-12,1731369600,509740.0,522780.0,496360.0,515220.0,224589,20,347723,-5420.0,False
BIT,BIT$N,D1,2024-11-13,1731456000,506900.0,547160.0,506240.0,519020.0,256607,20,399194,-8320.0,False
BIT,BIT$N,D1,2024-11-14,1731542400,534300.0,538480.0,506380.0,512760.0,187105,20,293160,15280.0,False
BIT,BIT$N,D1,2024-11-18,1731888000,523760.0,535680.0,518040.0,531460.0,170677,20,263174,11000.0,False
BIT,BIT$N,D1,2024-11-19,1731974400,531680.0,546760.0,527760.0,535920.0,163512,20,255506,220.0,False
BIT,BIT$N,D1,2024-11-21,1732147200,568800.0,579380.0,557520.0,572480.0,175475,20,268528,32880.0,False
BIT,BIT$N,D1,2024-11-22,1732233600,579440.0,581700.0,568200.0,576000.0,143054,20,214351,6960.0,False
BIT,BIT$N,D1,2024-11-25,1732492800,571160.0,572400.0,548440.0,550180.0,167475,20,258408,-4840.0,False
BIT,BIT$N,D1,2024-11-26,1732579200,537680.0,551720.0,527700.0,532820.0,185707,20,295653,-12500.0,False
BIT,BIT$N,D1,2024-11-27,1732665600,542080.0,577340.0,540320.0,575560.0,178093,20,276014,9260.0,False
BIT,BIT$N,D1,2024-11-28,1732752000,564640.0,576700.0,564640.0,572980.0,93772,20,137837,-10920.0,False
BIT,BIT$N,D1,2024-11-29,1732838400,593260.0,606340.0,590000.0,592220.0,113371,20,176625,20280.0,True
BIT,BIT$N,D1,2024-12-02,1733097600,578000.0,601240.0,577360.0,588280.0,149877,20,234326,-14220.0,False
BIT,BIT$N,D1,2024-12-03,1733184000,582620.0,592040.0,574580.0,587060.0,156063,20,246033,-5660.0,False
BIT,BIT$N,D1,2024-12-04,1733270400,589780.0,606740.0,577260.0,604320.0,173611,20,269382,2720.0,False
BIT,BIT$N,D1,2024-12-05,1733356800,628240.0,630040.0,593640.0,602500.0,203211,20,320927,23920.0,False
BIT,BIT$N,D1,2024-12-06,1733443200,596760.0,627680.0,590160.0,623720.0,171393,20,267208,-5740.0,False
BIT,BIT$N,D1,2024-12-09,1733702400,601220.0,613240.0,577600.0,593140.0,176254,20,266676,-22500.0,False
BIT,BIT$N,D1,2024-12-10,1733788800,598340.0,598820.0,575560.0,590200.0,205060,20,314023,5200.0,False
BIT,BIT$N,D1,2024-12-11,1733875200,599900.0,614560.0,596780.0,606180.0,165698,20,245548,9700.0,False
BIT,BIT$N,D1,2024-12-12,1733961600,596980.0,619580.0,594060.0,601320.0,158312,20,249250,-9200.0,False
BIT,BIT$N,D1,2024-12-13,1734048000,606760.0,620760.0,603280.0,616200.0,145594,20,219490,5440.0,False
BIT,BIT$N,D1,2024-12-16,1734307200,632460.0,660400.0,627240.0,656140.0,186613,20,289064,16260.0,False
BIT,BIT$N,D1,2024-12-17,1734393600,659360.0,674420.0,650160.0,654820.0,177086,20,269516,3220.0,False
BIT,BIT$N,D1,2024-12-18,1734480000,645060.0,654940.0,631800.0,637820.0,186656,20,294775,-9760.0,False
BIT,BIT$N,D1,2024-12-19,1734566400,641200.0,645800.0,586620.0,601840.0,198882,20,303139,3380.0,False
BIT,BIT$N,D1,2024-12-20,1734652800,568000.0,596380.0,560000.0,587600.0,174755,20,264420,-33840.0,False
BIT,BIT$N,D1,2024-12-23,1734912000,588520.0,594360.0,572700.0,583180.0,159174,20,259876,920.0,False
BIT,BIT$N,D1,2024-12-26,1735171200,589720.0,595980.0,587040.0,591380.0,146167,20,242408,6540.0,False
BIT,BIT$N,D1,2024-12-27,1735257600,609380.0,611260.0,585760.0,594720.0,107382,20,166849,18000.0,True
BIT,BIT$N,D1,2024-12-30,1735516800,590700.0,593960.0,570700.0,586040.0,135509,20,212446,-4020.0,False
BIT,BIT$N,D1,2025-01-02,1735776000,606040.0,613540.0,601780.0,605140.0,136132,20,216989,20000.0,False
BIT,BIT$N,D1,2025-01-03,1735862400,601280.0,620100.0,599540.0,615980.0,145369,20,217439,-3860.0,False
BIT,BIT$N,D1,2025-01-06,1736121600,618820.0,635320.0,611300.0,632780.0,145155,20,229864,2840.0,False
BIT,BIT$N,D1,2025-01-07,1736208000,624680.0,625520.0,591860.0,596260.0,176162,20,281992,-8100.0,False
BIT,BIT$N,D1,2025-01-08,1736294400,586740.0,593520.0,571180.0,578620.0,171505,20,263793,-9520.0,False
BIT,BIT$N,D1,2025-01-09,1736380800,573080.0,577640.0,554520.0,560740.0,178573,20,271782,-5540.0,False
BIT,BIT$N,D1,2025-01-10,1736467200,578000.0,590420.0,567020.0,584320.0,186587,20,288179,17260.0,False
BIT,BIT$N,D1,2025-01-13,1736726400,559900.0,576940.0,549560.0,575860.0,195309,20,303878,-24420.0,False
BIT,BIT$N,D1,2025-01-14,1736812800,593000.0,594220.0,580640.0,588700.0,140058,20,215560,17140.0,False
BIT,BIT$N,D1,2025-01-15,1736899200,588820.0,611180.0,586480.0,603740.0,136778,20,219348,120.0,False
BIT,BIT$N,D1,2025-01-16,1736985600,600080.0,613000.0,588440.0,608140.0,154363,20,239980,-3660.0,False
BIT,BIT$N,D1,2025-01-17,1737072000,621600.0,647320.0,620900.0,642140.0,158940,20,251067,13460.0,False
BIT,BIT$N,D1,2025-01-20,1737331200,662300.0,663680.0,610840.0,627380.0,176508,20,270246,20160.0,False
BIT,BIT$N,D1,2025-01-21,1737417600,632600.0,650000.0,623120.0,642640.0,168432,20,263329,5220.0,False
BIT,BIT$N,D1,2025-01-22,1737504000,635060.0,637840.0,613940.0,619240.0,141656,20,222080,-7580.0,False
BIT,BIT$N,D1,2025-01-23,1737590400,608420.0,634540.0,604140.0,609860.0,200072,20,357621,-10820.0,False
BIT,BIT$N,D1,2025-01-24,1737676800,625020.0,634620.0,617880.0,623400.0,150873,20,254501,15160.0,False
BIT,BIT$N,D1,2025-01-27,1737936000,591580.0,606720.0,584340.0,599880.0,215434,20,325113,-31820.0,False
BIT,BIT$N,D1,2025-01-28,1738022400,608960.0,610560.0,592400.0,593540.0,157413,20,236562,9080.0,False
BIT,BIT$N,D1,2025-01-29,1738108800,601860.0,615500.0,595200.0,609900.0,163714,20,256031,8320.0,False
BIT,BIT$N,D1,2025-01-30,1738195200,617040.0,628440.0,616040.0,617900.0,121078,20,192757,7140.0,False
BIT,BIT$N,D1,2025-01-31,1738281600,622960.0,628340.0,597920.0,598140.0,117307,20,192404,5060.0,True
BIT,BIT$N,D1,2025-02-03,1738540800,565900.0,600500.0,559480.0,594360.0,156447,20,262885,-32240.0,False
BIT,BIT$N,D1,2025-02-04,1738627200,579980.0,589640.0,563200.0,563520.0,165116,20,267028,-14380.0,False
BIT,BIT$N,D1,2025-02-05,1738713600,571920.0,580920.0,563240.0,568680.0,134689,20,220265,8400.0,False
BIT,BIT$N,D1,2025-02-06,1738800000,579300.0,581800.0,555680.0,560380.0,157405,20,257294,10620.0,False
BIT,BIT$N,D1,2025-02-07,1738886400,568240.0,581780.0,559200.0,559220.0,163796,20,256675,7860.0,False
BIT,BIT$N,D1,2025-02-10,1739145600,571940.0,573420.0,563080.0,566980.0,114785,20,175314,12720.0,False
BIT,BIT$N,D1,2025-02-11,1739232000,572960.0,573260.0,549320.0,554080.0,139065,20,218277,5980.0,False
BIT,BIT$N,D1,2025-02-12,1739318400,557680.0,566280.0,545700.0,564840.0,163373,20,262822,3600.0,False
BIT,BIT$N,D1,2025-02-13,1739404800,557280.0,560000.0,550900.0,558600.0,135039,20,216829,-7560.0,False
BIT,BIT$N,D1,2025-02-14,1739491200,560040.0,568940.0,552340.0,556380.0,127498,20,201500,1440.0,False
BIT,BIT$N,D1,2025-02-17,1739750400,551720.0,555200.0,544940.0,549660.0,109615,20,165203,-4660.0,False
BIT,BIT$N,D1,2025-02-18,1739836800,547660.0,554840.0,532120.0,542220.0,136046,20,213308,-2000.0,False
BIT,BIT$N,D1,2025-02-19,1739923200,550000.0,553940.0,544940.0,553620.0,110560,20,183962,7780.0,False
BIT,BIT$N,D1,2025-02-20,1740009600,556280.0,565100.0,552860.0,561740.0,114118,20,184808,2660.0,False
BIT,BIT$N,D1,2025-02-21,1740096000,565280.0,570400.0,542700.0,544000.0,147772,20,231628,3540.0,False
BIT,BIT$N,D1,2025-02-24,1740355200,548840.0,551220.0,537620.0,544200.0,133253,20,217468,4840.0,False
BIT,BIT$N,D1,2025-02-25,1740441600,516980.0,519340.0,495240.0,506380.0,189781,20,309561,-27220.0,False
BIT,BIT$N,D1,2025-02-26,1740528000,509200.0,512260.0,477680.0,489760.0,180405,20,289585,2820.0,False
BIT,BIT$N,D1,2025-02-27,1740614400,504020.0,504920.0,481860.0,491500.0,163396,20,245128,14260.0,False
BIT,BIT$N,D1,2025-02-28,1740700800,476120.0,508440.0,472820.0,501040.0,159365,20,251528,-15380.0,True
BIT,BIT$N,D1,2025-03-05,1741132800,520760.0,529580.0,512000.0,522800.0,109049,20,172614,19720.0,False
BIT,BIT$N,D1,2025-03-06,1741219200,530120.0,530960.0,510120.0,519700.0,184862,20,288046,7320.0,False
BIT,BIT$N,D1,2025-03-07,1741305600,516120.0,530900.0,499180.0,506720.0,207436,20,325091,-3580.0,False
BIT,BIT$N,D1,2025-03-10,1741564800,488120.0,488680.0,456660.0,467860.0,226800,20,348439,-18600.0,False
BIT,BIT$N,D1,2025-03-11,1741651200,478560.0,489000.0,463920.0,486380.0,199702,20,307133,10700.0,False
BIT,BIT$N,D1,2025-03-12,1741737600,485680.0,495020.0,471940.0,485620.0,186659,20,282951,-700.0,False
BIT,BIT$N,D1,2025-03-13,1741824000,485460.0,489720.0,466080.0,468500.0,174408,20,266857,-160.0,False
BIT,BIT$N,D1,2025-03-14,1741910400,482000.0,491360.0,476460.0,487600.0,156252,20,240528,13500.0,False
BIT,BIT$N,D1,2025-03-17,1742169600,483100.0,483380.0,472600.0,479720.0,141356,20,221123,-4500.0,False
BIT,BIT$N,D1,2025-03-18,1742256000,472320.0,473580.0,461220.0,466660.0,145023,20,221477,-7400.0,False
BIT,BIT$N,D1,2025-03-19,1742342400,477180.0,487440.0,474580.0,486480.0,143656,20,220329,10520.0,False
BIT,BIT$N,D1,2025-03-20,1742428800,485240.0,492400.0,474900.0,478840.0,149608,20,225160,-1240.0,False
BIT,BIT$N,D1,2025-03-21,1742515200,478240.0,485840.0,476140.0,484980.0,126527,20,193467,-600.0,False
BIT,BIT$N,D1,2025-03-24,1742774400,501660.0,510600.0,499860.0,509960.0,129994,20,203205,16680.0,False
BIT,BIT$N,D1,2025-03-25,1742860800,503500.0,505960.0,497920.0,501780.0,144640,20,219849,-6460.0,False
BIT,BIT$N,D1,2025-03-26,1742947200,503280.0,504600.0,492060.0,500600.0,139460,20,222488,1500.0,False
BIT,BIT$N,D1,2025-03-27,1743033600,497800.0,503740.0,496000.0,502700.0,124903,20,195664,-2800.0,False
BIT,BIT$N,D1,2025-03-28,1743120000,496140.0,498240.0,481960.0,484800.0,102948,20,164711,-6560.0,True
BIT,BIT$N,D1,2025-03-31,1743379200,479400.0,485360.0,472660.0,472700.0,152900,20,240964,-5400.0,False
BIT,BIT$N,D1,2025-04-01,1743465600,483100.0,491340.0,474800.0,488480.0,140706,20,217434,10400.0,False
BIT,BIT$N,D1,2025-04-02,1743552000,484200.0,507800.0,481020.0,483060.0,187026,20,296188,-4280.0,False
BIT,BIT$N,D1,2025-04-03,1743638400,471840.0,471960.0,458040.0,467860.0,145836,20,223518,-11220.0,False
BIT,BIT$N,D1,2025-04-04,1743724800,472700.0,497400.0,472700.0,497360.0,179986,20,281843,4840.0,False
BIT,BIT$N,D1,2025-04-07,1743984000,454740.0,476300.0,449780.0,470100.0,227873,20,396670,-42620.0,False
BIT,BIT$N,D1,2025-04-08,1744070400,473580.0,476580.0,459660.0,464040.0,171991,20,274701,3480.0,False
BIT,BIT$N,D1,2025-04-09,1744156800,459720.0,490140.0,459720.0,486540.0,180536,20,286937,-4320.0,False
BIT,BIT$N,D1,2025-04-10,1744243200,480660.0,485100.0,467480.0,470820.0,151516,20,242436,-5880.0,False
BIT,BIT$N,D1,2025-04-11,1744329600,479940.0,498580.0,479020.0,495540.0,139319,20,216649,9120.0,False
BIT,BIT$N,D1,2025-04-14,1744588800,498580.0,503560.0,492440.0,498360.0,117384,20,193160,3040.0,False
BIT,BIT$N,D1,2025-04-15,1744675200,502180.0,509460.0,491560.0,492660.0,109063,20,175560,3820.0,False
BIT,BIT$N,D1,2025-04-16,1744761600,493660.0,503020.0,490880.0,498660.0,119823,20,200237,1000.0,False
BIT,BIT$N,D1,2025-04-17,1744848000,498360.0,500500.0,492740.0,495220.0,94576,20,154691,-300.0,False
BIT,BIT$N,D1,2025-04-22,1745280000,514540.0,528160.0,513360.0,524520.0,119738,20,187130,19320.0,False
BIT,BIT$N,D1,2025-04-23,1745366400,534640.0,538700.0,525840.0,535840.0,121885,20,184684,10120.0,False
BIT,BIT$N,D1,2025-04-24,1745452800,529700.0,533500.0,526260.0,530380.0,92562,20,138362,-6140.0,False
BIT,BIT$N,D1,2025-04-25,1745539200,547320.0,554480.0,544520.0,547980.0,86148,20,139472,16940.0,True
BIT,BIT$N,D1,2025-04-28,1745798400,551000.0,552400.0,536580.0,536960.0,96920,20,153780,3020.0,False
BIT,BIT$N,D1,2025-04-29,1745884800,544820.0,547600.0,533580.0,537940.0,85761,20,139372,7860.0,False
BIT,BIT$N,D1,2025-04-30,1745971200,542800.0,550000.0,533920.0,547100.0,101236,20,162892,4860.0,False
BIT,BIT$N,D1,2025-05-02,1746144000,556660.0,560140.0,551740.0,556020.0,95444,20,154384,9560.0,False
BIT,BIT$N,D1,2025-05-05,1746403200,538380.0,545660.0,534040.0,544820.0,95785,20,155946,-17640.0,False
BIT,BIT$N,D1,2025-05-06,1746489600,538880.0,549000.0,538880.0,547260.0,103290,20,160817,-5940.0,False
BIT,BIT$N,D1,2025-05-07,1746576000,559040.0,565120.0,556340.0,562980.0,118980,20,184952,11780.0,False
BIT,BIT$N,D1,2025-05-08,1746662400,574160.0,596480.0,569200.0,591380.0,133508,20,209405,11180.0,False
BIT,BIT$N,D1,2025-05-09,1746748800,589860.0,592660.0,583160.0,587000.0,124425,20,197681,-1520.0,False
BIT,BIT$N,D1,2025-05-12,1747008000,592660.0,598540.0,577900.0,586280.0,202478,20,308704,5660.0,False
BIT,BIT$N,D1,2025-05-13,1747094400,591940.0,593840.0,583820.0,591480.0,179286,20,304727,5660.0,False
BIT,BIT$N,D1,2025-05-14,1747180800,587940.0,589880.0,581000.0,588580.0,161410,20,271774,-3540.0,False
BIT,BIT$N,D1,2025-05-15,1747267200,581700.0,595900.0,575620.0,592720.0,193546,20,338108,-6880.0,False
BIT,BIT$N,D1,2025-05-16,1747353600,591980.0,597780.0,588500.0,591020.0,157335,20,274195,-740.0,False
BIT,BIT$N,D1,2025-05-19,1747612800,586980.0,601480.0,584240.0,598380.0,169169,20,296991,-4040.0,False
BIT,BIT$N,D1,2025-05-20,1747699200,596280.0,611720.0,592940.0,607200.0,174219,20,302254,-2100.0,False
BIT,BIT$N,D1,2025-05-21,1747785600,607220.0,624460.0,603080.0,612940.0,255482,20,432286,20.0,False
BIT,BIT$N,D1,2025-05-22,1747872000,628760.0,643260.0,625740.0,641260.0,170344,20,314203,15820.0,False
BIT,BIT$N,D1,2025-05-23,1747958400,626180.0,629260.0,610600.0,614660.0,165364,20,304731,-15080.0,False
BIT,BIT$N,D1,2025-05-26,1748217600,622000.0,627800.0,619000.0,621280.0,109016,20,155350,7340.0,False
BIT,BIT$N,D1,2025-05-27,1748304000,622520.0,628860.0,615360.0,615860.0,150844,20,243127,1240.0,False
BIT,BIT$N,D1,2025-05-28,1748390400,617160.0,620140.0,608560.0,610800.0,154245,20,247207,1300.0,False
BIT,BIT$N,D1,2025-05-29,1748476800,618780.0,620200.0,597560.0,600960.0,171659,20,274588,7980.0,False
BIT,BIT$N,D1,2025-05-30,1748563200,608200.0,612740.0,599220.0,608080.0,196078,20,330608,7240.0,True
BIT,BIT$N,D1,2025-06-02,1748822400,600320.0,603500.0,595220.0,602220.0,184434,20,314316,-7760.0,False
BIT,BIT$N,D1,2025-06-03,1748908800,604740.0,610840.0,600440.0,601560.0,200993,20,341854,2520.0,False
BIT,BIT$N,D1,2025-06-04,1748995200,599000.0,601480.0,592300.0,595240.0,157061,20,267729,-2560.0,False
BIT,BIT$N,D1,2025-06-05,1749081600,596840.0,600800.0,564340.0,568500.0,228553,20,400662,1600.0,False
BIT,BIT$N,D1,2025-06-06,1749168000,586500.0,597400.0,584420.0,586640.0,184713,20,320897,18000.0,False
BIT,BIT$N,D1,2025-06-09,1749427200,605900.0,619560.0,601800.0,619560.0,183806,20,318297,19260.0,False
BIT,BIT$N,D1,2025-06-10,1749513600,613620.0,619960.0,607020.0,613480.0,183366,20,315897,-5940.0,False
BIT,BIT$N,D1,2025-06-11,1749600000,611240.0,616540.0,605300.0,606840.0,174552,20,301329,-2240.0,False
BIT,BIT$N,D1,2025-06-12,1749686400,596000.0,605400.0,589680.0,592500.0,175214,20,300315,-10840.0,False
BIT,BIT$N,D1,2025-06-13,1749772800,588520.0,591920.0,581240.0,588320.0,176695,20,301817,-3980.0,False
BIT,BIT$N,D1,2025-06-16,1750032000,595180.0,601620.0,589840.0,599940.0,114325,20,483256,6860.0,False
BIT,BIT$N,D1,2025-06-17,1750118400,584100.0,584980.0,569220.0,576280.0,191555,20,1338978,-15840.0,False
BIT,BIT$N,D1,2025-06-18,1750204800,578880.0,580180.0,571420.0,576200.0,242886,20,1466517,2600.0,False
BIT,BIT$N,D1,2025-06-20,1750377600,583460.0,584860.0,565500.0,571940.0,219459,20,1674380,7260.0,False
BIT,BIT$N,D1,2025-06-23,1750636800,561520.0,575340.0,551960.0,572920.0,265477,20,1835581,-10420.0,False
BIT,BIT$N,D1,2025-06-24,1750723200,578380.0,586700.0,577000.0,586160.0,156284,20,896439,5460.0,False
BIT,BIT$N,D1,2025-06-25,1750809600,591040.0,602400.0,591040.0,599260.0,161740,20,1056290,4880.0,False
BIT,BIT$N,D1,2025-06-26,1750896000,595580.0,599160.0,579100.0,588980.0,138536,20,761236,-3680.0,False
BIT,BIT$N,D1,2025-06-27,1750982400,595000.0,604080.0,591020.0,595460.0,124699,20,802687,6020.0,True
BIT,BIT$N,D1,2025-06-30,1751241600,598560.0,601040.0,588320.0,589120.0,128953,20,706997,3100.0,False
BIT,BIT$N,D1,2025-07-01,1751328000,585000.0,591060.0,580500.0,583500.0,119279,20,745502,-4120.0,False
BIT,BIT$N,D1,2025-07-02,1751414400,592780.0,603160.0,591920.0,601180.0,130034,20,823825,9280.0,False
BIT,BIT$N,D1,2025-07-03,1751500800,602060.0,605460.0,597620.0,601260.0,113816,20,853905,880.0,False
BIT,BIT$N,D1,2025-07-04,1751587200,596660.0,597220.0,585420.0,589220.0,81010,20,494425,-4600.0,False
BIT,BIT$N,D1,2025-07-07,1751846400,593580.0,599580.0,593400.0,597640.0,114758,20,673566,4360.0,False
BIT,BIT$N,D1,2025-07-08,1751932800,601380.0,601500.0,594860.0,597420.0,89934,20,455594,3740.0,False
BIT,BIT$N,D1,2025-07-09,1752019200,600300.0,628300.0,597260.0,625740.0,154161,20,766834,2880.0,False
BIT,BIT$N,D1,2025-07-10,1752105600,628620.0,656300.0,615780.0,646000.0,149817,20,798135,2880.0,False
BIT,BIT$N,D1,2025-07-11,1752192000,659120.0,665200.0,654120.0,660060.0,124549,20,581078,13120.0,False
BIT,BIT$N,D1,2025-07-14,1752451200,680000.0,683340.0,666640.0,674480.0,141350,20,604380,19940.0,False
BIT,BIT$N,D1,2025-07-15,1752537600,657140.0,663100.0,646720.0,653420.0,157074,20,829016,-17340.0,False
BIT,BIT$N,D1,2025-07-16,1752624000,664420.0,673000.0,659740.0,671780.0,138801,20,716386,11000.0,False
BIT,BIT$N,D1,2025-07-17,1752710400,662860.0,674420.0,658720.0,673020.0,120548,20,600135,-8920.0,False
BIT,BIT$N,D1,2025-07-18,1752796800,666660.0,667980.0,652940.0,657480.0,119436,20,540428,-6360.0,False
BIT,BIT$N,D1,2025-07-21,1753056000,658720.0,668160.0,650960.0,653360.0,115313,20,615496,1240.0,False
BIT,BIT$N,D1,2025-07-22,1753142400,664080.0,671640.0,658920.0,667520.0,116819,20,631410,10720.0,False
BIT,BIT$N,D1,2025-07-23,1753228800,661620.0,664160.0,649520.0,650460.0,110516,20,592039,-5900.0,False
BIT,BIT$N,D1,2025-07-24,1753315200,656540.0,662560.0,653860.0,655760.0,102891,20,602100,6080.0,False
BIT,BIT$N,D1,2025-07-25,1753401600,657320.0,670540.0,648780.0,666640.0,93691,20,490459,1560.0,True
BIT,BIT$N,D1,2025-07-28,1753660800,674340.0,678460.0,666340.0,667240.0,97222,20,434127,7700.0,False
BIT,BIT$N,D1,2025-07-29,1753747200,673600.0,677720.0,660720.0,663320.0,103897,20,589457,6360.0,False
BIT,BIT$N,D1,2025-07-30,1753833600,664520.0,676120.0,654580.0,660260.0,109179,20,696526,1200.0,False
BIT,BIT$N,D1,2025-07-31,1753920000,667740.0,676780.0,660200.0,662160.0,110818,20,662601,7480.0,False
BIT,BIT$N,D1,2025-08-01,1754006400,655020.0,656900.0,632500.0,636080.0,156526,20,1158964,-7140.0,False
BIT,BIT$N,D1,2025-08-04,1754265600,639360.0,646060.0,632020.0,639040.0,105096,20,544236,3280.0,False
BIT,BIT$N,D1,2025-08-05,1754352000,641840.0,642640.0,626860.0,633680.0,120672,20,673909,2800.0,False
BIT,BIT$N,D1,2025-08-06,1754438400,636160.0,640120.0,628500.0,635620.0,99324,20,549607,2480.0,False
BIT,BIT$N,D1,2025-08-07,1754524800,644920.0,645640.0,638660.0,643620.0,96117,20,498203,9300.0,False
BIT,BIT$N,D1,2025-08-08,1754611200,642460.0,643400.0,634180.0,641620.0,99145,20,556683,-1160.0,False
BIT,BIT$N,D1,2025-08-11,1754870400,661840.0,663060.0,650560.0,653000.0,113168,20,604007,20220.0,False
BIT,BIT$N,D1,2025-08-12,1754956800,650000.0,654600.0,647100.0,654420.0,106582,20,620698,-3000.0,False
BIT,BIT$N,D1,2025-08-13,1755043200,655560.0,672000.0,652820.0,669580.0,150347,20,891393,1140.0,False
BIT,BIT$N,D1,2025-08-14,1755129600,664820.0,664820.0,640060.0,642340.0,150633,20,916904,-4760.0,False
BIT,BIT$N,D1,2025-08-15,1755216000,648960.0,648960.0,634800.0,636140.0,113373,20,689000,6620.0,False
BIT,BIT$N,D1,2025-08-18,1755475200,624000.0,639820.0,624000.0,639140.0,107754,20,584408,-12140.0,False
BIT,BIT$N,D1,2025-08-19,1755561600,631500.0,638820.0,622120.0,626720.0,112049,20,638550,-7640.0,False
BIT,BIT$N,D1,2025-08-20,1755648000,626980.0,631160.0,617140.0,630300.0,125166,20,693278,260.0,False
BIT,BIT$N,D1,2025-08-21,1755734400,623860.0,626980.0,615500.0,617360.0,147019,20,757186,-6440.0,False
BIT,BIT$N,D1,2025-08-22,1755820800,617200.0,639240.0,612440.0,638120.0,140169,20,778786,-160.0,False
BIT,BIT$N,D1,2025-08-25,1756080000,607840.0,612400.0,589480.0,589700.0,148299,20,896198,-30280.0,False
BIT,BIT$N,D1,2025-08-26,1756166400,595000.0,609920.0,593900.0,605440.0,123771,20,715214,5300.0,False
BIT,BIT$N,D1,2025-08-27,1756252800,608000.0,615880.0,602860.0,607780.0,123443,20,701932,2560.0,False
BIT,BIT$N,D1,2025-08-28,1756339200,613000.0,615920.0,605360.0,606540.0,103267,20,600320,5220.0,False
BIT,BIT$N,D1,2025-08-29,1756425600,606980.0,611200.0,590440.0,591300.0,98649,20,568900,440.0,True
BIT,BIT$N,D1,2025-09-01,1756684800,597120.0,602900.0,594540.0,595520.0,101525,20,494182,5820.0,False
BIT,BIT$N,D1,2025-09-02,1756771200,606780.0,618720.0,602600.0,616220.0,129375,20,786557,11260.0,False
BIT,BIT$N,D1,2025-09-03,1756857600,617500.0,621860.0,611400.0,617600.0,116312,20,703731,1280.0,False
BIT,BIT$N,D1,2025-09-04,1756944000,612000.0,613140.0,602940.0,607040.0,108446,20,620470,-5600.0,False
BIT,BIT$N,D1,2025-09-05,1757030400,617000.0,618640.0,600400.0,607020.0,113984,20,698485,9960.0,False
BIT,BIT$N,D1,2025-09-08,1757289600,611100.0,619240.0,610560.0,613000.0,77971,20,479777,4080.0,False
BIT,BIT$N,D1,2025-09-09,1757376000,615100.0,618520.0,605600.0,609240.0,110445,20,603767,2100.0,False
BIT,BIT$N,D1,2025-09-10,1757462400,614880.0,623980.0,614600.0,620000.0,108533,20,629503,5640.0,False
BIT,BIT$N,D1,2025-09-11,1757548800,622600.0,625400.0,617040.0,621820.0,100060,20,566751,2600.0,False
BIT,BIT$N,D1,2025-09-12,1757635200,625120.0,630420.0,620240.0,627380.0,97090,20,538984,3300.0,False
BIT,BIT$N,D1,2025-09-15,1757894400,620060.0,620060.0,612020.0,617200.0,84056,20,421216,-7320.0,False
BIT,BIT$N,D1,2025-09-16,1757980800,614860.0,623480.0,612720.0,622120.0,91899,20,530528,-2340.0,False
BIT,BIT$N,D1,2025-09-17,1758067200,620020.0,621200.0,611120.0,617480.0,104833,20,594441,-2100.0,False
BIT,BIT$N,D1,2025-09-18,1758153600,622980.0,628700.0,620140.0,626640.0,86373,20,507915,5500.0,False
BIT,BIT$N,D1,2025-09-19,1758240000,623100.0,624020.0,614720.0,617120.0,78857,20,408504,-3540.0,False
BIT,BIT$N,D1,2025-09-22,1758499200,603560.0,610560.0,599720.0,603320.0,82184,20,463282,-13560.0,False
BIT,BIT$N,D1,2025-09-23,1758585600,605000.0,606000.0,587820.0,591580.0,90674,20,505940,1680.0,False
BIT,BIT$N,D1,2025-09-24,1758672000,599600.0,608000.0,598520.0,603820.0,73647,20,423428,8020.0,False
BIT,BIT$N,D1,2025-09-25,1758758400,593640.0,597820.0,582020.0,586240.0,107924,20,662895,-10180.0,False
BIT,BIT$N,D1,2025-09-26,1758844800,594980.0,597940.0,589500.0,594020.0,71533,20,415711,8740.0,True
BIT,BIT$N,D1,2025-09-29,1759104000,607300.0,619120.0,604040.0,618300.0,96215,20,566626,13280.0,False
BIT,BIT$N,D1,2025-09-30,1759190400,612040.0,624500.0,608520.0,624500.0,89213,20,494964,-6260.0,False
BIT,BIT$N,D1,2025-10-01,1759276800,629940.0,639900.0,626840.0,635620.0,96053,20,616638,5440.0,False
BIT,BIT$N,D1,2025-10-02,1759363200,638560.0,656280.0,638320.0,653220.0,118147,20,674044,2940.0,False
BIT,BIT$N,D1,2025-10-03,1759449600,651560.0,672380.0,650920.0,662660.0,168190,20,1140159,-1660.0,False
BIT,BIT$N,D1,2025-10-06,1759708800,673580.0,680400.0,670320.0,671500.0,124448,20,725083,10920.0,False
BIT,BIT$N,D1,2025-10-07,1759795200,672260.0,677720.0,653560.0,662460.0,139637,20,876397,760.0,False
BIT,BIT$N,D1,2025-10-08,1759881600,666000.0,672780.0,656360.0,665500.0,139317,20,792523,3540.0,False
BIT,BIT$N,D1,2025-10-09,1759968000,661820.0,667980.0,650140.0,659940.0,132873,20,790551,-3680.0,False
BIT,BIT$N,D1,2025-10-10,1760054400,660520.0,675800.0,568800.0,611000.0,152481,20,977361,580.0,False
BIT,BIT$N,D1,2025-10-13,1760313600,635400.0,639900.0,626420.0,638280.0,133670,20,799315,24400.0,False
BIT,BIT$N,D1,2025-10-14,1760400000,617220.0,626320.0,609880.0,625920.0,143857,20,834528,-21060.0,False
BIT,BIT$N,D1,2025-10-15,1760486400,616960.0,617920.0,605660.0,610300.0,129686,20,771442,-8960.0,False
BIT,BIT$N,D1,2025-10-16,1760572800,610780.0,614300.0,588880.0,592820.0,156020,20,951574,480.0,False
BIT,BIT$N,D1,2025-10-17,1760659200,579500.0,585900.0,572220.0,583820.0,131909,20,817694,-13320.0,False
BIT,BIT$N,D1,2025-10-20,1760918400,603000.0,604500.0,593940.0,600840.0,106716,20,593455,19180.0,False
BIT,BIT$N,D1,2025-10-21,1761004800,588460.0,616720.0,585460.0,598980.0,159349,20,1024610,-12380.0,False
BIT,BIT$N,D1,2025-10-22,1761091200,583580.0,591380.0,578300.0,580500.0,126397,20,796990,-15400.0,False
BIT,BIT$N,D1,2025-10-23,1761177600,592460.0,602040.0,587760.0,592560.0,110239,20,638566,11960.0,False
BIT,BIT$N,D1,2025-10-24,1761264000,600620.0,605560.0,592760.0,599060.0,89120,20,469032,8060.0,False
BIT,BIT$N,D1,2025-10-27,1761523200,620760.0,623840.0,614480.0,615920.0,78738,20,378181,21700.0,False
BIT,BIT$N,D1,2025-10-28,1761609600,616460.0,625480.0,558000.0,604700.0,130123,20,674292,540.0,False
BIT,BIT$N,D1,2025-10-29,1761696000,607720.0,608880.0,586860.0,598360.0,122439,20,735982,3020.0,False
BIT,BIT$N,D1,2025-10-30,1761782400,590000.0,590280.0,571300.0,577040.0,121266,20,687174,-8360.0,False
BIT,BIT$N,D1,2025-10-31,1761868800,599200.0,606440.0,591120.0,596200.0,96197,20,567110,22160.0,True
BIT,BIT$N,D1,2025-11-03,1762128000,586620.0,589360.0,570320.0,579020.0,119716,20,629999,-9580.0,False
BIT,BIT$N,D1,2025-11-04,1762214400,568980.0,570560.0,542960.0,545600.0,192385,20,1057785,-10040.0,False
BIT,BIT$N,D1,2025-11-05,1762300800,556160.0,566340.0,553560.0,560980.0,120162,20,602729,10560.0,False
BIT,BIT$N,D1,2025-11-06,1762387200,558460.0,558920.0,542540.0,544920.0,147769,20,797839,-2520.0,False
BIT,BIT$N,D1,2025-11-07,1762473600,542200.0,559220.0,536220.0,555640.0,148910,20,741803,-2720.0,False
BIT,BIT$N,D1,2025-11-10,1762732800,569500.0,571760.0,560900.0,562600.0,115983,20,600893,13860.0,False
BIT,BIT$N,D1,2025-11-11,1762819200,561740.0,562760.0,544960.0,545600.0,114203,20,576282,-860.0,False
BIT,BIT$N,D1,2025-11-12,1762905600,556640.0,559860.0,537260.0,541700.0,136476,20,760742,11040.0,False
BIT,BIT$N,D1,2025-11-13,1762992000,548580.0,550480.0,520940.0,523500.0,166079,20,977251,6880.0,False
BIT,BIT$N,D1,2025-11-14,1763078400,512580.0,517500.0,501080.0,503800.0,166563,20,927384,-10920.0,False
BIT,BIT$N,D1,2025-11-17,1763337600,509020.0,512060.0,488460.0,490020.0,177243,20,942951,5220.0,False
BIT,BIT$N,D1,2025-11-18,1763424000,490300.0,501580.0,486000.0,496560.0,151691,20,744174,280.0,False
BIT,BIT$N,D1,2025-11-19,1763510400,489000.0,493980.0,474200.0,480760.0,156764,20,910832,-7560.0,False
BIT,BIT$N,D1,2025-11-21,1763683200,444000.0,463260.0,435420.0,460300.0,186094,20,1062563,-36760.0,False
BIT,BIT$N,D1,2025-11-24,1763942400,466780.0,481980.0,460820.0,480500.0,152568,20,828154,6480.0,False
BIT,BIT$N,D1,2025-11-25,1764028800,472200.0,475320.0,463880.0,470700.0,147458,20,857977,-8300.0,False
BIT,BIT$N,D1,2025-11-26,1764115200,468760.0,483480.0,464760.0,481820.0,138076,20,772502,-1940.0,False
BIT,BIT$N,D1,2025-11-27,1764201600,488460.0,493300.0,483740.0,490600.0,103147,20,517724,6640.0,False
BIT,BIT$N,D1,2025-11-28,1764288000,498300.0,502640.0,487320.0,491680.0,121248,20,655207,7700.0,True
BIT,BIT$N,D1,2025-12-01,1764547200,465000.0,468240.0,453260.0,466100.0,156551,20,844715,-26680.0,False
BIT,BIT$N,D1,2025-12-02,1764633600,473060.0,497440.0,471360.0,492100.0,142479,20,856586,6960.0,False
BIT,BIT$N,D1,2025-12-03,1764720000,499860.0,501880.0,491360.0,500440.0,143824,20,791074,7760.0,False
BIT,BIT$N,D1,2025-12-04,1764806400,497980.0,499420.0,487200.0,494440.0,129140,20,721470,-2460.0,False
BIT,BIT$N,D1,2025-12-05,1764892800,489420.0,493300.0,480840.0,490460.0,142395,20,853400,-5020.0,False
BIT,BIT$N,D1,2025-12-08,1765152000,503000.0,504580.0,489980.0,498360.0,109935,20,579142,12540.0,False
BIT,BIT$N,D1,2025-12-09,1765238400,496140.0,518320.0,493960.0,510160.0,131709,20,685863,-2220.0,False
BIT,BIT$N,D1,2025-12-10,1765324800,504600.0,519640.0,502040.0,508680.0,118631,20,635739,-5560.0,False
BIT,BIT$N,D1,2025-12-11,1765411200,497160.0,508540.0,485740.0,508540.0,102075,20,583022,-11520.0,False
BIT,BIT$N,D1,2025-12-12,1765497600,506120.0,506120.0,487180.0,491620.0,91095,20,546248,-2420.0,False
BIT,BIT$N,D1,2025-12-15,1765756800,486480.0,487940.0,463940.0,467560.0,123403,20,681196,-5140.0,False
BIT,BIT$N,D1,2025-12-16,1765843200,474020.0,486820.0,470540.0,484820.0,102002,20,537721,6460.0,False
BIT,BIT$N,D1,2025-12-17,1765929600,481940.0,499080.0,472040.0,474740.0,137674,20,795746,-2880.0,False
BIT,BIT$N,D1,2025-12-18,1766016000,482200.0,495980.0,467300.0,472360.0,129622,20,728102,7460.0,False
BIT,BIT$N,D1,2025-12-19,1766102400,488000.0,493120.0,480620.0,486740.0,97463,20,455768,15640.0,False
BIT,BIT$N,D1,2025-12-22,1766361600,499060.0,503540.0,491280.0,494740.0,98444,20,562113,12320.0,False
BIT,BIT$N,D1,2025-12-23,1766448000,489920.0,492220.0,481480.0,484800.0,74173,20,350861,-4820.0,False
BIT,BIT$N,D1,2025-12-26,1766707200,496620.0,501700.0,484240.0,491360.0,56535,20,309991,11820.0,True
BIT,BIT$N,D1,2025-12-29,1766966400,491000.0,497440.0,488300.0,492220.0,66529,20,342284,-360.0,False
BIT,BIT$N,D1,2025-12-30,1767052800,494200.0,497620.0,486780.0,488280.0,72796,20,381175,1980.0,False
BIT,BIT$N,D1,2026-01-02,1767312000,496920.0,499500.0,485820.0,493020.0,81908,20,484523,8640.0,False
BIT,BIT$N,D1,2026-01-05,1767571200,510260.0,518560.0,507320.0,513680.0,85481,20,467951,17240.0,False
BIT,BIT$N,D1,2026-01-06,1767657600,513680.0,514540.0,494700.0,507260.0,104961,20,614240,0.0,False
BIT,BIT$N,D1,2026-01-07,1767744000,498000.0,501200.0,492620.0,495440.0,86605,20,480862,-9260.0,False
BIT,BIT$N,D1,2026-01-08,1767830400,490000.0,497100.0,484960.0,494800.0,89465,20,513004,-5440.0,False
BIT,BIT$N,D1,2026-01-09,1767916800,491720.0,497240.0,485600.0,489460.0,92799,20,526186,-3080.0,False
BIT,BIT$N,D1,2026-01-12,1768176000,488980.0,499580.0,486900.0,494520.0,87111,20,485106,-480.0,False
BIT,BIT$N,D1,2026-01-13,1768262400,498500.0,512360.0,496640.0,510580.0,94176,20,518090,3980.0,False
BIT,BIT$N,D1,2026-01-14,1768348800,513080.0,532260.0,512060.0,530720.0,112978,20,665728,2500.0,False
BIT,BIT$N,D1,2026-01-15,1768435200,524500.0,527820.0,513420.0,515080.0,98124,20,536175,-6220.0,False
BIT,BIT$N,D1,2026-01-16,1768521600,514780.0,519500.0,510080.0,514120.0,65514,20,338953,-300.0,False
BIT,BIT$N,D1,2026-01-19,1768780800,502940.0,504540.0,499100.0,501680.0,37997,20,161301,-11180.0,False
BIT,BIT$N,D1,2026-01-20,1768867200,492720.0,493780.0,481580.0,483240.0,74927,20,413199,-8960.0,False
BIT,BIT$N,D1,2026-01-21,1768953600,478400.0,484020.0,465980.0,480420.0,98678,20,545799,-4840.0,False
BIT,BIT$N,D1,2026-01-22,1769040000,479620.0,481940.0,470400.0,474540.0,71961,20,359707,-800.0,False
BIT,BIT$N,D1,2026-01-23,1769126400,473480.0,483140.0,469220.0,475160.0,83635,20,472085,-1060.0,False
BIT,BIT$N,D1,2026-01-26,1769385600,466140.0,469560.0,459720.0,464880.0,75324,20,354484,-9020.0,False
BIT,BIT$N,D1,2026-01-27,1769472000,465140.0,465180.0,455300.0,462640.0,75961,20,367987,260.0,False
BIT,BIT$N,D1,2026-01-28,1769558400,468920.0,471580.0,461340.0,463580.0,62835,20,277043,6280.0,False
BIT,BIT$N,D1,2026-01-29,1769644800,457120.0,457400.0,431540.0,437840.0,77257,20,387011,-6460.0,False
BIT,BIT$N,D1,2026-01-30,1769731200,436280.0,448480.0,433580.0,445220.0,64923,20,325933,-1560.0,True
BIT,BIT$N,D1,2026-02-02,1769990400,417300.0,421920.0,412040.0,415440.0,90099,20,369690,-27920.0,False
BIT,BIT$N,D1,2026-02-03,1770076800,415240.0,415240.0,385600.0,403260.0,143307,20,722981,-200.0,False
BIT,BIT$N,D1,2026-02-04,1770163200,401600.0,402720.0,381660.0,385260.0,147183,20,659626,-1660.0,False
BIT,BIT$N,D1,2026-02-05,1770249600,372000.0,374160.0,331120.0,338960.0,222929,20,1022814,-13260.0,False
BIT,BIT$N,D1,2026-02-06,1770336000,351540.0,375500.0,348160.0,370060.0,205686,20,876616,12580.0,False
BIT,BIT$N,D1,2026-02-09,1770595200,360380.0,371680.0,357540.0,367920.0,134360,20,554202,-9680.0,False
BIT,BIT$N,D1,2026-02-10,1770681600,358040.0,366420.0,350520.0,358800.0,112854,20,491017,-9880.0,False
BIT,BIT$N,D1,2026-02-11,1770768000,349480.0,357800.0,342660.0,354520.0,135433,20,600097,-9320.0,False
BIT,BIT$N,D1,2026-02-12,1770854400,354900.0,355360.0,340520.0,343540.0,114383,20,514653,380.0,False
BIT,BIT$N,D1,2026-02-13,1770940800,351160.0,364780.0,350580.0,361120.0,97243,20,475042,7620.0,False
BIT,BIT$N,D1,2026-02-18,1771372800,354280.0,354560.0,346620.0,348600.0,43545,20,211528,-6840.0,False
BIT,BIT$N,D1,2026-02-19,1771459200,349080.0,352620.0,343900.0,350500.0,92013,20,395425,480.0,False
BIT,BIT$N,D1,2026-02-20,1771545600,351540.0,354080.0,346880.0,350920.0,96458,20,478378,1040.0,False
BIT,BIT$N,D1,2026-02-23,1771804800,343740.0,345620.0,330820.0,334720.0,86210,20,402116,-7180.0,False
BIT,BIT$N,D1,2026-02-24,1771891200,327500.0,334200.0,324560.0,329900.0,83283,20,369906,-7220.0,False
BIT,BIT$N,D1,2026-02-25,1771977600,337000.0,357400.0,335140.0,353020.0,99516,20,505385,7100.0,False
BIT,BIT$N,D1,2026-02-26,1772064000,349720.0,351320.0,342760.0,346480.0,90457,20,453445,-3300.0,False
BIT,BIT$N,D1,2026-02-27,1772150400,346000.0,346460.0,338740.0,340840.0,53826,20,294035,-480.0,True
BIT,BIT$N,D1,2026-03-02,1772409600,347280.0,368000.0,343660.0,363760.0,107533,20,572487,6440.0,False
BIT,BIT$N,D1,2026-03-03,1772496000,353940.0,369180.0,353600.0,362320.0,109632,20,607704,-9820.0,False
BIT,BIT$N,D1,2026-03-04,1772582400,377980.0,390780.0,374460.0,387040.0,95634,20,471803,15660.0,False
BIT,BIT$N,D1,2026-03-05,1772668800,385720.0,387440.0,374460.0,379940.0,86309,20,416482,-1320.0,False
BIT,BIT$N,D1,2026-03-06,1772755200,375140.0,376280.0,358620.0,361000.0,76594,20,395454,-4800.0,False
BIT,BIT$N,D1,2026-03-09,1773014400,361080.0,365020.0,356660.0,358740.0,83726,20,418378,80.0,False
BIT,BIT$N,D1,2026-03-10,1773100800,367560.0,372940.0,361180.0,363520.0,82217,20,351796,8820.0,False
BIT,BIT$N,D1,2026-03-11,1773187200,357980.0,371020.0,357980.0,366820.0,82068,20,375056,-5540.0,False
BIT,BIT$N,D1,2026-03-12,1773273600,365700.0,372620.0,363900.0,371920.0,83204,20,413889,-1120.0,False
BIT,BIT$N,D1,2026-03-13,1773360000,381680.0,389480.0,377540.0,381320.0,100956,20,577902,9760.0,False
BIT,BIT$N,D1,2026-03-16,1773619200,391160.0,394700.0,387080.0,390500.0,88331,20,448062,9840.0,False
BIT,BIT$N,D1,2026-03-17,1773705600,390300.0,391860.0,383560.0,389620.0,71019,20,338828,-200.0,False
BIT,BIT$N,D1,2026-03-18,1773792000,380640.0,381900.0,370140.0,375680.0,80273,20,394981,-8980.0,False
BIT,BIT$N,D1,2026-03-19,1773878400,368320.0,371300.0,363240.0,369360.0,82339,20,457041,-7360.0,False
BIT,BIT$N,D1,2026-03-20,1773964800,371420.0,376120.0,368500.0,373940.0,69155,20,373185,2060.0,False
BIT,BIT$N,D1,2026-03-23,1774224000,373500.0,378020.0,368280.0,372080.0,75882,20,382258,-440.0,False
BIT,BIT$N,D1,2026-03-24,1774310400,373940.0,375280.0,364000.0,366540.0,76117,20,420971,1860.0,False
BIT,BIT$N,D1,2026-03-25,1774396800,374860.0,377200.0,368780.0,371560.0,76336,20,356714,8320.0,False
BIT,BIT$N,D1,2026-03-26,1774483200,363760.0,364960.0,357340.0,361680.0,58790,20,277316,-7800.0,False
BIT,BIT$N,D1,2026-03-27,1774569600,354140.0,355820.0,346940.0,349000.0,61145,20,290792,-7540.0,True
BIT,BIT$N,D1,2026-03-30,1774828800,357900.0,359840.0,351160.0,353920.0,56336,20,277554,8900.0,False
BIT,BIT$N,D1,2026-03-31,1774915200,352460.0,358760.0,349740.0,355340.0,77031,20,393725,-1460.0,False
BIT,BIT$N,D1,2026-04-01,1775001600,356320.0,359480.0,353220.0,355480.0,61699,20,287275,980.0,False
BIT,BIT$N,D1,2026-04-02,1775088000,347040.0,350700.0,342060.0,347480.0,63400,20,318720,-8440.0,False
BIT,BIT$N,D1,2026-04-06,1775433600,360760.0,365560.0,359060.0,361360.0,57679,20,273557,13280.0,False
BIT,BIT$N,D1,2026-04-07,1775520000,353440.0,364620.0,352020.0,361580.0,56318,20,239546,-7920.0,False
BIT,BIT$N,D1,2026-04-08,1775606400,369920.0,372400.0,363100.0,367640.0,65517,20,281400,8340.0,False
BIT,BIT$N,D1,2026-04-09,1775692800,364000.0,370420.0,360320.0,368100.0,67711,20,292636,-3640.0,False
BIT,BIT$N,D1,2026-04-10,1775779200,367840.0,370520.0,362520.0,368520.0,62332,20,283461,-260.0,False
BIT,BIT$N,D1,2026-04-13,1776038400,358860.0,368980.0,357400.0,367860.0,69296,20,319624,-9660.0,False
BIT,BIT$N,D1,2026-04-14,1776124800,371660.0,381020.0,370400.0,371320.0,80791,20,389832,3800.0,False
BIT,BIT$N,D1,2026-04-15,1776211200,370000.0,373440.0,368980.0,371100.0,30612,0,204509,-1320.0,False
