symbol,tf,time,open,high,low,close,tick_volume,spread,real_volume
WDO$N,D1,1617148800,5773.0,5778.0,5630.5,5641.0,1105229,1,3454863
WDO$N,D1,1617235200,5635.0,5737.0,5616.5,5718.5,920219,1,2745472
WDO$N,D1,1617580800,5678.5,5692.5,5642.0,5672.0,920754,1,2665972
WDO$N,D1,1617667200,5675.0,5678.5,5583.0,5599.5,981880,1,2987479
WDO$N,D1,1617753600,5597.0,5663.0,5556.5,5625.5,1182148,1,3515979
WDO$N,D1,1617840000,5615.0,5625.0,5546.0,5578.5,1088416,1,3145805
WDO$N,D1,1617926400,5605.0,5697.0,5600.0,5697.0,958732,1,2899799
WDO$N,D1,1618185600,5684.0,5749.0,5637.5,5743.0,1010721,1,3088379
WDO$N,D1,1618272000,5740.5,5763.0,5669.0,5723.0,1208383,1,3745827
WDO$N,D1,1618358400,5708.0,5741.5,5651.5,5662.0,1173366,1,3619466
WDO$N,D1,1618444800,5659.0,5668.5,5601.5,5622.0,1057680,1,3216143
WDO$N,D1,1618531200,5620.0,5682.0,5571.0,5591.5,1047614,1,3296260
WDO$N,D1,1618790400,5575.5,5626.0,5531.5,5549.0,1201007,1,3589969
WDO$N,D1,1618876800,5571.0,5592.0,5506.5,5572.5,1208140,1,3590122
WDO$N,D1,1619049600,5558.0,5563.5,5441.0,5448.0,1294280,1,4067590
WDO$N,D1,1619136000,5432.0,5526.0,5427.0,5477.5,1093787,1,3279051
WDO$N,D1,1619395200,5458.0,5492.0,5435.0,5439.0,1017604,1,3065337
WDO$N,D1,1619481600,5441.0,5469.0,5412.0,5453.0,1155599,1,3477617
WDO$N,D1,1619568000,5453.0,5458.0,5344.5,5346.0,1212571,1,3957221
WDO$N,D1,1619654400,5350.5,5380.0,5325.5,5339.5,1031172,1,3273047
WDO$N,D1,1619740800,5369.0,5461.0,5348.0,5452.5,978758,1,3360342
WDO$N,D1,1620000000,5428.0,5468.5,5386.5,5453.5,1124589,1,3358722
WDO$N,D1,1620086400,5474.0,5496.5,5424.0,5459.5,1116587,1,3336155
WDO$N,D1,1620172800,5450.5,5457.5,5363.5,5365.5,1045603,1,3344435
WDO$N,D1,1620259200,5358.0,5386.5,5269.0,5290.5,1207153,1,3941353
WDO$N,D1,1620345600,5292.5,5305.5,5214.0,5249.5,1119389,1,3543529
WDO$N,D1,1620604800,5248.5,5262.0,5206.5,5234.0,1126585,1,3387709
WDO$N,D1,1620691200,5247.5,5291.0,5212.5,5231.5,1135092,1,3545592
WDO$N,D1,1620777600,5243.5,5328.0,5219.5,5316.0,1281095,1,4124919
WDO$N,D1,1620864000,5311.5,5341.0,5261.0,5314.5,1272465,1,3949919
WDO$N,D1,1620950400,5295.0,5304.5,5252.5,5280.0,949880,1,3007075
WDO$N,D1,1621209600,5295.0,5327.0,5252.5,5283.5,949167,1,3047674
WDO$N,D1,1621296000,5270.0,5287.5,5237.0,5267.0,1045324,1,3271549
WDO$N,D1,1621382400,5292.5,5331.5,5265.0,5318.0,1067359,1,3395435
WDO$N,D1,1621468800,5310.0,5312.5,5275.0,5289.5,769132,1,2633586
WDO$N,D1,1621555200,5290.0,5375.5,5275.5,5367.5,918101,1,3127684
WDO$N,D1,1621814400,5365.0,5378.5,5314.0,5320.5,721851,1,2440472
WDO$N,D1,1621900800,5314.0,5350.0,5297.0,5333.5,843095,1,2808990
WDO$N,D1,1621987200,5326.5,5344.0,5289.5,5314.5,855972,1,2917204
WDO$N,D1,1622073600,5307.0,5313.5,5236.5,5238.0,984405,1,3566599
WDO$N,D1,1622160000,5258.0,5261.0,5210.0,5227.0,707504,1,2303999
WDO$N,D1,1622419200,5243.0,5277.0,5212.5,5232.5,657757,1,2216540
WDO$N,D1,1622505600,5213.5,5222.0,5154.0,5164.5,950664,1,3241537
WDO$N,D1,1622592000,5170.0,5187.5,5080.0,5088.5,1130745,1,4239738
WDO$N,D1,1622764800,5122.0,5124.0,5044.5,5060.0,928191,1,3195683
WDO$N,D1,1623024000,5052.0,5082.0,5030.0,5068.0,993246,1,3229509
WDO$N,D1,1623110400,5055.0,5080.0,5033.0,5047.5,954541,1,3161290
WDO$N,D1,1623196800,5036.0,5096.5,5030.0,5074.5,951555,1,3207857
WDO$N,D1,1623283200,5072.5,5102.0,5042.5,5066.5,990098,1,3362174
WDO$N,D1,1623369600,5060.0,5149.0,5059.5,5129.0,850721,1,2845555
WDO$N,D1,1623628800,5115.0,5121.0,5064.5,5070.0,747013,1,2658309
WDO$N,D1,1623715200,5073.0,5113.5,5047.5,5051.0,980428,1,3332783
WDO$N,D1,1623801600,5061.0,5089.5,5001.0,5063.0,1212942,1,4316984
WDO$N,D1,1623888000,5075.0,5083.5,5013.5,5013.5,1024661,1,3520795
WDO$N,D1,1623974400,5013.5,5115.5,4988.0,5095.5,1218479,1,4244395
WDO$N,D1,1624233600,5078.5,5087.5,5018.0,5019.0,816145,1,2676346
WDO$N,D1,1624320000,5019.0,5050.0,4961.0,4961.0,1096903,1,3879123
WDO$N,D1,1624406400,4966.5,4983.5,4940.5,4970.0,1122224,1,3878960
WDO$N,D1,1624492800,4968.5,4970.5,4900.5,4918.5,969270,1,3502303
WDO$N,D1,1624579200,4916.5,4977.0,4895.5,4936.5,981521,1,3460364
WDO$N,D1,1624838400,4951.0,4973.5,4919.0,4929.0,883581,1,3022551
WDO$N,D1,1624924800,4943.0,4971.5,4922.0,4956.5,823403,1,2798308
WDO$N,D1,1625011200,4977.0,5040.0,4967.5,4987.0,892676,1,3170453
WDO$N,D1,1625097600,4979.0,5070.0,4962.0,5061.5,1039796,1,3578796
WDO$N,D1,1625184000,5051.0,5088.5,5001.5,5074.5,976466,1,3329917
WDO$N,D1,1625443200,5070.0,5114.5,5062.5,5106.5,712165,1,2108215
WDO$N,D1,1625529600,5092.0,5231.5,5090.0,5212.5,1207124,1,3853877
WDO$N,D1,1625616000,5194.0,5295.0,5183.5,5246.5,1355879,1,4433952
WDO$N,D1,1625702400,5290.0,5327.0,5232.0,5272.0,1229709,1,4047772
WDO$N,D1,1626048000,5266.5,5296.5,5175.0,5183.0,1073879,1,3504798
WDO$N,D1,1626134400,5189.5,5233.5,5158.5,5174.0,1133017,1,3782063
WDO$N,D1,1626220800,5163.0,5167.5,5076.5,5082.0,1065593,1,3613359
WDO$N,D1,1626307200,5093.5,5147.5,5062.0,5123.0,1135170,1,3626424
WDO$N,D1,1626393600,5114.0,5135.0,5082.0,5123.0,1075598,1,3502156
WDO$N,D1,1626652800,5165.0,5265.0,5159.0,5258.0,1240856,1,3760131
WDO$N,D1,1626739200,5247.5,5301.5,5208.5,5228.5,1120731,1,3727512
WDO$N,D1,1626825600,5238.5,5283.5,5186.5,5193.0,1129518,1,3816591
WDO$N,D1,1626912000,5188.0,5230.0,5173.0,5208.5,1056844,1,3549098
WDO$N,D1,1626998400,5202.5,5237.0,5162.5,5205.0,901783,1,3072609
WDO$N,D1,1627257600,5195.0,5233.5,5154.5,5180.0,923555,1,3117798
WDO$N,D1,1627344000,5196.0,5208.5,5152.0,5172.0,976764,1,3247191
WDO$N,D1,1627430400,5173.5,5194.5,5106.5,5120.5,1103034,1,3764757
WDO$N,D1,1627516800,5087.5,5092.0,5041.5,5080.0,882721,1,3169720
WDO$N,D1,1627603200,5098.5,5249.5,5098.5,5234.0,936801,1,3271713
WDO$N,D1,1627862400,5210.0,5239.0,5134.0,5190.5,1050909,1,3461633
WDO$N,D1,1627948800,5187.0,5294.0,5183.0,5219.0,1256471,1,3974805
WDO$N,D1,1628035200,5204.0,5265.0,5184.0,5188.5,1232328,1,3841114
WDO$N,D1,1628121600,5142.5,5276.5,5128.5,5269.0,1302728,1,4276243
WDO$N,D1,1628208000,5249.0,5292.5,5222.0,5248.5,1194407,1,3694918
WDO$N,D1,1628467200,5245.0,5315.0,5230.5,5250.0,1266989,1,3912031
WDO$N,D1,1628553600,5252.0,5278.5,5200.5,5205.0,1352738,1,4123678
WDO$N,D1,1628640000,5210.5,5249.0,5178.0,5242.5,1177154,1,3800161
WDO$N,D1,1628726400,5233.0,5275.0,5222.5,5267.0,1100640,1,3306813
WDO$N,D1,1628812800,5255.0,5294.0,5232.5,5262.0,1047559,1,3393382
WDO$N,D1,1629072000,5286.0,5309.0,5240.0,5271.0,1051432,1,3373880
WDO$N,D1,1629158400,5291.5,5314.0,5246.0,5307.0,1290146,1,4166055
WDO$N,D1,1629244800,5295.0,5407.5,5271.5,5399.5,1323246,1,4191536
WDO$N,D1,1629331200,5426.5,5464.5,5387.5,5421.5,1361564,1,4356393
WDO$N,D1,1629417600,5450.0,5483.0,5373.0,5383.5,1101521,1,3356935
WDO$N,D1,1629676800,5372.0,5408.5,5351.5,5387.0,1100508,1,3288446
WDO$N,D1,1629763200,5368.5,5371.0,5251.0,5256.5,1065999,1,3600540
WDO$N,D1,1629849600,5271.5,5275.0,5210.5,5218.0,1083292,1,3491060
WDO$N,D1,1629936000,5228.0,5270.5,5219.5,5267.0,911853,1,2904541
WDO$N,D1,1630022400,5258.5,5263.5,5189.0,5206.0,973464,1,3212529
WDO$N,D1,1630281600,5200.0,5227.5,5181.0,5185.0,866948,1,2770032
WDO$N,D1,1630368000,5207.0,5220.0,5138.0,5172.0,1004847,1,3319625
WDO$N,D1,1630454400,5177.0,5219.0,5162.5,5207.5,989208,1,3238019
WDO$N,D1,1630540800,5194.0,5220.0,5161.5,5202.0,1061730,1,3613807
WDO$N,D1,1630627200,5192.5,5220.0,5150.0,5217.0,951974,1,3228992
WDO$N,D1,1630886400,5207.5,5230.5,5173.0,5189.0,549763,1,1705676
WDO$N,D1,1631059200,5211.5,5351.5,5210.5,5335.0,1177952,1,4073282
WDO$N,D1,1631145600,5322.0,5351.5,5210.5,5226.5,1335664,1,4558324
WDO$N,D1,1631232000,5179.0,5287.0,5174.0,5268.0,1020987,1,3365200
WDO$N,D1,1631491200,5253.0,5257.0,5216.0,5233.5,985140,1,3051998
WDO$N,D1,1631577600,5250.0,5278.0,5212.5,5263.0,989246,1,3150910
WDO$N,D1,1631664000,5255.0,5284.5,5227.0,5241.5,943152,1,3291415
WDO$N,D1,1631750400,5250.0,5292.0,5243.5,5265.0,817260,1,2789691
WDO$N,D1,1631836800,5266.5,5358.0,5261.5,5297.5,981950,1,3647560
WDO$N,D1,1632096000,5331.0,5387.5,5316.0,5336.0,1093735,1,3385159
WDO$N,D1,1632182400,5320.5,5346.0,5271.5,5277.5,1003060,1,3202373
WDO$N,D1,1632268800,5262.0,5327.0,5257.5,5298.5,945098,1,3109224
WDO$N,D1,1632355200,5268.0,5318.5,5263.0,5311.5,821603,1,2788657
WDO$N,D1,1632441600,5320.0,5360.0,5320.0,5343.0,717940,1,2457778
WDO$N,D1,1632700800,5326.0,5399.0,5311.5,5395.5,921666,1,3390161
WDO$N,D1,1632787200,5408.5,5454.0,5391.0,5431.0,974789,1,3576648
WDO$N,D1,1632873600,5410.0,5447.0,5390.0,5412.5,945787,1,3315710
WDO$N,D1,1632960000,5431.5,5500.0,5392.5,5467.5,1068271,1,4076780
WDO$N,D1,1633046400,5442.5,5456.0,5376.0,5387.0,906858,1,3148418
WDO$N,D1,1633305600,5408.5,5482.0,5395.5,5481.0,841642,1,2791725
WDO$N,D1,1633392000,5450.0,5510.5,5446.5,5501.0,916185,1,2989551
WDO$N,D1,1633478400,5535.0,5558.0,5496.0,5512.5,1038960,1,3588419
WDO$N,D1,1633564800,5491.5,5547.5,5487.5,5538.5,919076,1,3277374
WDO$N,D1,1633651200,5519.0,5549.5,5494.0,5529.5,915783,1,3179471
WDO$N,D1,1633910400,5517.0,5561.5,5509.0,5554.5,643416,1,2035542
WDO$N,D1,1634083200,5532.5,5589.0,5514.5,5530.5,1049653,1,3854733
WDO$N,D1,1634169600,5487.0,5545.0,5480.5,5527.5,875754,1,3167577
WDO$N,D1,1634256000,5501.0,5520.0,5447.0,5475.0,899580,1,3421597
WDO$N,D1,1634515200,5480.0,5554.5,5476.5,5524.0,899177,1,3268948
WDO$N,D1,1634601600,5555.0,5623.0,5546.5,5595.5,1144428,1,4286278
WDO$N,D1,1634688000,5592.0,5611.5,5529.5,5606.5,1021512,1,3637899
WDO$N,D1,1634774400,5671.5,5699.0,5629.5,5667.0,1132416,1,3835940
WDO$N,D1,1634860800,5690.0,5762.0,5629.0,5657.5,1313525,1,4459868
WDO$N,D1,1635120000,5661.0,5667.0,5543.0,5563.0,1018256,1,3425757
WDO$N,D1,1635206400,5558.0,5611.5,5552.5,5571.0,966774,1,3184567
WDO$N,D1,1635292800,5573.0,5596.0,5539.5,5540.5,1028977,1,3534623
WDO$N,D1,1635379200,5556.0,5665.5,5552.0,5646.5,1097237,1,3805627
WDO$N,D1,1635465600,5670.0,5695.5,5629.0,5665.0,964293,1,3435992
WDO$N,D1,1635724800,5658.5,5719.0,5652.5,5714.5,676023,1,2286122
WDO$N,D1,1635897600,5703.0,5728.0,5573.5,5582.5,1132281,1,3733071
WDO$N,D1,1635984000,5596.5,5654.5,5590.0,5631.0,949344,1,3118253
WDO$N,D1,1636070400,5624.0,5633.0,5527.5,5565.5,929868,1,2939719
WDO$N,D1,1636329600,5581.5,5621.0,5559.0,5570.5,831099,1,2488834
WDO$N,D1,1636416000,5570.5,5571.5,5476.0,5499.5,970057,1,3089359
WDO$N,D1,1636502400,5524.0,5530.0,5454.0,5510.5,1135255,1,3571239
WDO$N,D1,1636588800,5502.0,5504.5,5406.0,5413.5,897114,1,2884489
WDO$N,D1,1636675200,5420.0,5485.0,5410.5,5477.0,907664,1,2930658
WDO$N,D1,1637020800,5460.5,5524.0,5444.5,5518.0,933298,1,3059497
WDO$N,D1,1637107200,5500.0,5549.5,5479.0,5541.5,819376,1,2645990
WDO$N,D1,1637193600,5537.0,5590.0,5536.5,5572.0,836672,1,2642746
WDO$N,D1,1637280000,5589.0,5624.5,5531.0,5624.0,936960,1,3003269
WDO$N,D1,1637539200,5611.5,5623.0,5572.0,5593.0,941603,1,2894127
WDO$N,D1,1637625600,5615.0,5669.5,5572.5,5576.5,956790,1,3131191
WDO$N,D1,1637712000,5583.0,5628.0,5560.0,5612.5,870558,1,2827280
WDO$N,D1,1637798400,5591.5,5603.5,5552.5,5572.5,641338,1,1941283
WDO$N,D1,1637884800,5668.0,5670.0,5575.5,5614.0,895826,1,2829896
WDO$N,D1,1638144000,5600.0,5641.5,5581.0,5603.5,859475,1,2708242
WDO$N,D1,1638230400,5637.0,5707.0,5615.0,5639.5,1028212,1,3365644
WDO$N,D1,1638316800,5620.0,5733.0,5612.5,5730.0,896751,1,2870271
WDO$N,D1,1638403200,5700.5,5714.5,5648.0,5679.0,927479,1,3052916
WDO$N,D1,1638489600,5685.0,5718.5,5633.0,5685.5,996370,1,3063877
WDO$N,D1,1638748800,5676.0,5734.0,5667.0,5724.0,794247,1,2562001
WDO$N,D1,1638835200,5697.0,5703.5,5638.5,5651.0,938696,1,3040004
WDO$N,D1,1638921600,5634.0,5664.5,5554.0,5560.0,930532,1,3099853
WDO$N,D1,1639008000,5564.0,5625.5,5545.0,5598.5,823478,1,2705031
WDO$N,D1,1639094400,5585.0,5660.0,5584.0,5638.5,878199,1,2905828
WDO$N,D1,1639353600,5629.0,5705.0,5624.5,5704.5,925369,1,2954860
WDO$N,D1,1639440000,5686.5,5720.0,5640.0,5703.0,877595,1,2788524
WDO$N,D1,1639526400,5700.5,5755.5,5679.5,5703.5,1067551,1,3365905
WDO$N,D1,1639612800,5688.0,5743.5,5677.5,5706.5,1013478,1,3049942
WDO$N,D1,1639699200,5701.5,5731.5,5676.5,5709.0,778691,1,2415187
WDO$N,D1,1639958400,5724.5,5759.5,5702.0,5757.5,805721,1,2411135
WDO$N,D1,1640044800,5734.5,5768.0,5722.0,5757.0,720854,1,2284926
WDO$N,D1,1640131200,5744.5,5752.0,5655.0,5663.5,739576,1,2331187
WDO$N,D1,1640217600,5665.0,5726.0,5635.5,5671.0,810169,1,2683908
WDO$N,D1,1640563200,5670.5,5711.0,5626.5,5628.0,659134,1,1906378
WDO$N,D1,1640649600,5622.0,5664.5,5620.0,5631.0,658511,1,1987959
WDO$N,D1,1640736000,5638.5,5712.0,5624.5,5703.0,613395,1,1868152
WDO$N,D1,1640822400,5735.0,5742.5,5586.5,5611.0,719399,1,2436935
WDO$N,D1,1641168000,5609.5,5729.0,5595.0,5727.0,772997,1,2352883
WDO$N,D1,1641254400,5704.5,5746.5,5672.5,5712.5,937200,1,2684272
WDO$N,D1,1641340800,5715.0,5757.0,5675.5,5727.0,939920,1,2783513
WDO$N,D1,1641427200,5727.0,5757.0,5701.5,5715.5,833681,1,2490180
WDO$N,D1,1641513600,5711.5,5740.0,5648.5,5666.0,830568,1,2497224
WDO$N,D1,1641772800,5673.5,5720.0,5657.5,5690.5,770531,1,2264004
WDO$N,D1,1641859200,5679.5,5701.0,5588.5,5597.5,978028,1,3043801
WDO$N,D1,1641945600,5604.5,5624.5,5542.5,5560.0,1086821,1,3169310
WDO$N,D1,1642032000,5573.0,5577.0,5521.0,5548.5,991131,1,3043800
WDO$N,D1,1642118400,5550.0,5571.5,5527.0,5553.5,826126,1,2500477
WDO$N,D1,1642377600,5555.0,5559.0,5512.5,5532.5,675324,1,1907631
WDO$N,D1,1642464000,5551.5,5599.0,5521.0,5584.0,918243,1,2846463
WDO$N,D1,1642550400,5560.0,5567.0,5451.5,5454.0,962396,1,3352677
WDO$N,D1,1642636800,5460.0,5474.0,5390.0,5430.5,957201,1,3286826
WDO$N,D1,1642723200,5451.0,5485.0,5413.0,5469.5,987196,1,3109473
WDO$N,D1,1642982400,5487.0,5533.5,5476.5,5497.0,1010533,1,3328396
WDO$N,D1,1643068800,5506.0,5528.5,5435.0,5451.5,900369,1,2946526
WDO$N,D1,1643155200,5433.0,5472.5,5397.0,5439.0,1108782,1,3564076
WDO$N,D1,1643241600,5435.0,5439.0,5356.0,5411.5,1066294,1,4026984
WDO$N,D1,1643328000,5430.0,5435.0,5368.0,5370.5,910912,1,3077770
WDO$N,D1,1643587200,5399.5,5436.0,5322.5,5345.0,861126,1,3048934
WDO$N,D1,1643673600,5334.0,5354.0,5301.5,5301.5,891388,1,2933474
WDO$N,D1,1643760000,5300.0,5350.0,5290.5,5296.0,815479,1,2866215
WDO$N,D1,1643846400,5308.0,5356.0,5304.5,5318.0,901832,1,2992651
WDO$N,D1,1643932800,5329.5,5381.0,5311.5,5359.0,825697,1,2630997
WDO$N,D1,1644192000,5345.0,5352.0,5278.5,5289.0,877973,1,2645328
WDO$N,D1,1644278400,5295.0,5316.0,5277.5,5284.0,845809,1,2530022
WDO$N,D1,1644364800,5275.0,5315.0,5237.5,5263.0,942133,1,3015502
WDO$N,D1,1644451200,5257.5,5278.0,5194.0,5268.5,1258704,1,3860322
WDO$N,D1,1644537600,5252.5,5286.0,5201.0,5272.5,1237120,1,3640367
WDO$N,D1,1644796800,5272.5,5285.0,5213.5,5227.5,1027090,1,3090116
WDO$N,D1,1644883200,5211.5,5234.0,5174.5,5174.5,907183,1,2688518
WDO$N,D1,1644969600,5175.0,5192.0,5136.5,5151.5,1032183,1,3197512
WDO$N,D1,1645056000,5165.0,5193.5,5138.0,5183.0,870461,1,2653533
WDO$N,D1,1645142400,5176.0,5178.0,5113.0,5146.5,960494,1,3089580
WDO$N,D1,1645401600,5140.5,5163.0,5081.5,5112.5,851776,1,2674643
WDO$N,D1,1645488000,5102.0,5106.5,5050.0,5066.0,1008118,1,3338138
WDO$N,D1,1645574400,5050.5,5055.5,4997.5,5012.0,1006569,1,3476905
WDO$N,D1,1645660800,5060.0,5166.0,5037.0,5125.0,1437291,1,4822733
WDO$N,D1,1645747200,5165.0,5225.5,5124.0,5214.5,1130542,1,3516420
WDO$N,D1,1646179200,5268.0,5268.0,5125.5,5144.5,661824,1,2102730
WDO$N,D1,1646265600,5151.0,5157.5,5061.5,5075.0,1243144,1,3684026
WDO$N,D1,1646352000,5089.5,5139.0,5064.5,5099.5,1208410,1,3634059
WDO$N,D1,1646611200,5114.5,5152.0,5066.5,5152.0,1236102,1,3897400
WDO$N,D1,1646697600,5121.0,5135.5,5079.5,5093.0,1333848,1,4083845
WDO$N,D1,1646784000,5060.0,5069.0,5018.0,5044.5,1066363,1,3267031
WDO$N,D1,1646870400,5059.0,5106.5,5041.0,5043.0,983055,1,3014326
WDO$N,D1,1646956800,5030.5,5111.5,5013.0,5104.5,910302,1,2818827
WDO$N,D1,1647216000,5084.5,5166.0,5064.5,5151.0,948508,1,3025811
WDO$N,D1,1647302400,5133.0,5195.0,5118.5,5187.0,970809,1,2914355
WDO$N,D1,1647388800,5162.0,5179.5,5095.0,5098.5,1154508,1,3773193
WDO$N,D1,1647475200,5096.0,5128.5,5048.5,5060.5,998225,1,3317580
WDO$N,D1,1647561600,5069.0,5094.5,5012.0,5044.0,938827,1,3002660
WDO$N,D1,1647820800,5046.5,5048.0,4947.0,4955.0,976723,1,3135417
WDO$N,D1,1647907200,4950.0,4965.5,4919.0,4926.0,1060545,1,3337658
WDO$N,D1,1647993600,4931.5,4933.5,4832.0,4841.0,1043558,1,3581573
WDO$N,D1,1648080000,4844.5,4869.5,4775.0,4838.5,1272196,1,4242330
WDO$N,D1,1648166400,4831.0,4833.0,4738.0,4751.5,976774,1,2956201
WDO$N,D1,1648425600,4747.0,4825.5,4740.0,4772.0,1125729,1,3453960
WDO$N,D1,1648512000,4743.5,4788.5,4721.0,4762.5,1228654,1,3806265
WDO$N,D1,1648598400,4765.0,4794.0,4729.0,4774.0,1039146,1,3200012
WDO$N,D1,1648684800,4816.5,4834.0,4760.0,4781.0,984708,1,3442067
WDO$N,D1,1648771200,4770.0,4770.5,4688.0,4692.5,905713,1,3023039
WDO$N,D1,1649030400,4690.5,4708.5,4622.0,4626.0,865166,1,2749940
WDO$N,D1,1649116800,4626.0,4705.0,4613.0,4684.5,1154573,1,3384852
WDO$N,D1,1649203200,4680.5,4755.5,4675.0,4750.5,1165414,1,3455374
WDO$N,D1,1649289600,4735.0,4800.0,4717.0,4782.5,1163318,1,3448297
WDO$N,D1,1649376000,4769.0,4819.0,4718.5,4723.5,1129480,1,3384587
WDO$N,D1,1649635200,4737.5,4764.0,4702.0,4715.0,1177968,1,3380534
WDO$N,D1,1649721600,4701.0,4717.0,4643.0,4698.0,1177407,1,3589698
WDO$N,D1,1649808000,4691.5,4725.5,4672.0,4711.0,1024925,1,3084009
WDO$N,D1,1649894400,4714.5,4759.0,4705.0,4717.5,1030299,1,3262369
WDO$N,D1,1650240000,4703.0,4724.5,4660.0,4670.0,927324,1,2873857
WDO$N,D1,1650326400,4680.0,4699.5,4653.5,4682.0,999038,1,3263814
WDO$N,D1,1650412800,4660.5,4692.0,4620.0,4634.0,956662,1,3191025
WDO$N,D1,1650585600,4692.0,4849.0,4681.0,4805.0,1323076,1,4465689
WDO$N,D1,1650844800,4826.0,4957.5,4811.0,4887.0,1520821,1,4607503
WDO$N,D1,1650931200,4912.0,5010.0,4898.0,5005.0,1368331,1,4116938
WDO$N,D1,1651017600,4992.5,5044.5,4932.0,4969.5,1585427,1,4826788
WDO$N,D1,1651104000,4988.5,5047.5,4938.0,4942.0,1322413,1,3849049
WDO$N,D1,1651190400,4948.5,5029.0,4907.0,5018.0,1236696,1,3728175
WDO$N,D1,1651449600,5010.0,5139.5,5009.5,5132.5,1295446,1,3642761
WDO$N,D1,1651536000,5085.0,5097.0,5000.5,5002.5,1329818,1,3874026
WDO$N,D1,1651622400,5010.0,5078.5,4934.0,4963.5,1621883,1,4433672
WDO$N,D1,1651708800,4989.5,5098.0,4971.5,5070.5,1458302,1,3976324
WDO$N,D1,1651795200,5063.0,5152.5,5045.0,5116.0,1546402,1,4017380
WDO$N,D1,1652054400,5180.0,5198.0,5137.5,5197.0,1385453,1,3548773
WDO$N,D1,1652140800,5190.5,5200.0,5143.0,5166.5,1358694,1,3663527
WDO$N,D1,1652227200,5130.0,5203.0,5123.5,5170.5,1484773,1,4053373
WDO$N,D1,1652313600,5201.5,5238.5,5134.0,5162.0,1412435,1,4028228
WDO$N,D1,1652400000,5149.5,5176.0,5071.5,5088.5,1164373,1,3481510
WDO$N,D1,1652659200,5104.0,5128.0,5054.5,5084.0,1373292,1,3744986
WDO$N,D1,1652745600,5025.0,5031.0,4947.5,4958.5,1274744,1,3900811
WDO$N,D1,1652832000,4973.5,5018.5,4940.5,4986.0,1155708,1,3459043
WDO$N,D1,1652918400,4955.0,4974.5,4895.5,4950.5,1172216,1,3618083
WDO$N,D1,1653004800,4919.0,4936.5,4867.0,4893.0,1177555,1,3537556
WDO$N,D1,1653264000,4855.0,4863.0,4797.0,4827.5,973634,1,2963407
WDO$N,D1,1653350400,4848.0,4864.5,4785.0,4830.0,1308067,1,4113123
WDO$N,D1,1653436800,4850.0,4872.0,4812.5,4832.0,1124668,1,3234370
WDO$N,D1,1653523200,4819.0,4848.0,4754.5,4774.0,1079544,1,3350722
WDO$N,D1,1653609600,4765.5,4784.0,4717.0,4732.0,1022511,1,3146628
WDO$N,D1,1653868800,4714.5,4758.0,4692.5,4755.0,792865,1,2368915
WDO$N,D1,1653955200,4804.5,4821.5,4740.0,4776.5,1096009,1,3636650
WDO$N,D1,1654041600,4774.5,4859.5,4762.0,4859.5,1144427,1,3498801
WDO$N,D1,1654128000,4830.0,4849.5,4811.5,4839.5,1047587,1,3083180
WDO$N,D1,1654214400,4860.0,4870.0,4810.0,4812.0,928508,1,2660847
WDO$N,D1,1654473600,4795.0,4843.0,4785.0,4831.0,882952,1,2634967
WDO$N,D1,1654560000,4832.0,4969.0,4832.0,4906.0,1294644,1,4341982
WDO$N,D1,1654646400,4910.5,4940.5,4880.0,4933.0,1172566,1,3341290
WDO$N,D1,1654732800,4928.5,4952.0,4897.5,4936.0,1158763,1,3479619
WDO$N,D1,1654819200,4936.5,5041.5,4914.0,5017.5,1221752,1,3825696
WDO$N,D1,1655078400,5066.0,5165.5,5058.0,5142.0,1330899,1,4159027
WDO$N,D1,1655164800,5139.0,5177.5,5110.5,5143.5,1203749,1,3715158
WDO$N,D1,1655251200,5119.0,5156.5,5039.5,5077.5,1616012,1,4657407
WDO$N,D1,1655424000,5135.0,5176.0,5124.5,5172.5,1106574,1,3304665
WDO$N,D1,1655683200,5167.5,5213.0,5155.0,5208.0,850181,1,2680880
WDO$N,D1,1655769600,5194.0,5202.0,5134.0,5143.0,1028778,1,3200549
WDO$N,D1,1655856000,5181.5,5210.0,5141.5,5208.0,1082463,1,3333230
WDO$N,D1,1655942400,5208.5,5260.0,5178.5,5253.5,1140096,1,3639057
WDO$N,D1,1656028800,5240.0,5286.0,5215.0,5254.0,1050211,1,3220561
WDO$N,D1,1656288000,5250.0,5284.0,5210.5,5247.5,1063331,1,3205317
WDO$N,D1,1656374400,5240.5,5285.0,5193.5,5274.0,1154909,1,3606263
WDO$N,D1,1656460800,5256.0,5260.0,5179.5,5187.0,1184129,1,3652617
WDO$N,D1,1656547200,5263.0,5314.0,5231.0,5298.5,1109720,1,3529303
WDO$N,D1,1656633600,5325.0,5380.0,5320.0,5373.0,1102083,1,3377101
WDO$N,D1,1656892800,5342.5,5375.5,5329.0,5372.0,725042,1,2032757
WDO$N,D1,1656979200,5395.0,5443.5,5388.5,5428.0,1073677,1,3241487
WDO$N,D1,1657065600,5442.0,5500.0,5431.0,5463.5,1243008,1,3593117
WDO$N,D1,1657152000,5443.0,5451.0,5366.0,5375.5,1001215,1,3014110
WDO$N,D1,1657238400,5392.0,5403.0,5283.5,5287.5,1175097,1,3546995
WDO$N,D1,1657497600,5343.0,5417.5,5329.5,5409.0,1003570,1,3081221
WDO$N,D1,1657584000,5409.0,5472.0,5400.0,5466.0,1066098,1,3159282
WDO$N,D1,1657670400,5447.0,5492.5,5389.5,5419.0,1346391,1,3873384
WDO$N,D1,1657756800,5500.0,5515.0,5439.0,5445.5,1264182,1,3725342
WDO$N,D1,1657843200,5432.0,5471.0,5397.0,5431.5,1081351,1,3165636
WDO$N,D1,1658102400,5395.0,5459.0,5372.0,5457.5,1089636,1,3232040
WDO$N,D1,1658188800,5428.0,5448.5,5383.0,5430.0,1163006,1,3514836
WDO$N,D1,1658275200,5448.5,5487.5,5404.5,5486.0,1289000,1,3927466
WDO$N,D1,1658361600,5477.0,5527.0,5442.5,5510.0,1291906,1,3944307
WDO$N,D1,1658448000,5494.0,5515.0,5445.5,5509.0,1026267,1,3225494
WDO$N,D1,1658707200,5481.5,5487.0,5364.0,5364.5,1064118,1,3623879
WDO$N,D1,1658793600,5390.0,5399.0,5341.0,5358.0,1315223,1,3939239
WDO$N,D1,1658880000,5342.5,5354.0,5241.0,5247.5,1330952,1,4018705
WDO$N,D1,1658966400,5265.5,5276.0,5161.0,5186.5,1262135,1,4052609
WDO$N,D1,1659052800,5210.0,5261.0,5193.0,5221.0,1168986,1,3567282
WDO$N,D1,1659312000,5204.0,5249.0,5175.5,5234.5,1225912,1,3664472
WDO$N,D1,1659398400,5247.5,5329.5,5234.0,5323.0,1383490,1,4294493
WDO$N,D1,1659484800,5293.0,5358.5,5287.0,5327.5,1165460,1,3595608
WDO$N,D1,1659571200,5327.5,5336.5,5240.0,5251.0,1179634,1,3633430
WDO$N,D1,1659657600,5263.5,5316.0,5194.0,5202.0,1394644,1,4290644
WDO$N,D1,1659916800,5181.0,5186.0,5139.0,5149.0,1106650,1,3259351
WDO$N,D1,1660003200,5154.5,5185.0,5126.0,5158.0,1140817,1,3463226
WDO$N,D1,1660089600,5147.5,5179.0,5065.5,5125.5,1201656,1,4009941
WDO$N,D1,1660176000,5110.0,5200.5,5090.0,5188.0,1273509,1,4158257
WDO$N,D1,1660262400,5182.5,5192.5,5092.0,5099.5,991434,1,3392276
WDO$N,D1,1660521600,5138.5,5166.0,5100.0,5122.0,1041507,1,3208007
WDO$N,D1,1660608000,5143.5,5178.0,5135.0,5172.5,1027342,1,3270236
WDO$N,D1,1660694400,5200.0,5235.5,5168.0,5188.5,1137718,1,3715799
WDO$N,D1,1660780800,5184.5,5226.0,5147.5,5186.0,980267,1,3299565
WDO$N,D1,1660867200,5219.0,5237.0,5183.0,5187.0,1033681,1,3462077
WDO$N,D1,1661126400,5198.5,5219.5,5165.5,5172.5,1055258,1,3271359
WDO$N,D1,1661212800,5144.5,5166.0,5083.5,5117.5,1029266,1,3419267
WDO$N,D1,1661299200,5122.0,5134.0,5092.5,5123.5,1060651,1,3411112
WDO$N,D1,1661385600,5101.0,5152.0,5095.0,5119.0,1063392,1,3491984
WDO$N,D1,1661472000,5118.0,5124.5,5061.0,5070.5,1267760,1,4163224
WDO$N,D1,1661731200,5086.0,5096.0,5014.0,5032.0,1113388,1,3920291
WDO$N,D1,1661817600,5017.5,5128.0,5012.0,5126.5,1148502,1,4049352
WDO$N,D1,1661904000,5170.0,5253.0,5169.0,5227.5,1197749,1,4217881
WDO$N,D1,1661990400,5245.0,5296.0,5185.5,5282.0,1345857,1,4500042
WDO$N,D1,1662076800,5261.0,5272.5,5194.0,5205.0,1296705,1,4057559
WDO$N,D1,1662336000,5218.0,5226.0,5186.0,5191.0,777948,1,2278082
WDO$N,D1,1662422400,5202.0,5287.0,5197.5,5283.0,1106487,1,3484462
WDO$N,D1,1662595200,5242.0,5270.5,5210.5,5248.0,1338958,1,4097799
WDO$N,D1,1662681600,5212.0,5233.0,5171.5,5177.0,939064,1,2843501
WDO$N,D1,1662940800,5143.0,5165.5,5110.5,5120.0,970565,1,3162919
WDO$N,D1,1663027200,5111.0,5233.5,5103.0,5213.5,1322452,1,4432724
WDO$N,D1,1663113600,5212.5,5222.0,5173.5,5187.5,1046604,1,3294179
WDO$N,D1,1663200000,5199.5,5271.5,5198.5,5266.5,978676,1,3203811
WDO$N,D1,1663286400,5270.0,5329.0,5267.0,5272.0,1012950,1,3462544
WDO$N,D1,1663545600,5312.0,5319.0,5158.0,5188.0,1147619,1,3892078
WDO$N,D1,1663632000,5225.0,5237.0,5154.5,5157.0,1248201,1,4053162
WDO$N,D1,1663718400,5154.5,5206.0,5131.0,5182.0,1489730,1,4686177
WDO$N,D1,1663804800,5140.5,5196.0,5116.0,5126.5,1142739,1,3859364
WDO$N,D1,1663891200,5179.0,5276.0,5177.0,5269.0,1074433,1,3631044
WDO$N,D1,1664150400,5300.0,5424.0,5300.0,5399.5,1453990,1,4964945
WDO$N,D1,1664236800,5353.0,5392.0,5301.5,5385.0,1323719,1,4235582
WDO$N,D1,1664323200,5414.0,5426.5,5325.5,5379.0,1397819,1,4626164
WDO$N,D1,1664409600,5392.0,5432.0,5375.5,5399.5,1225795,1,3923185
WDO$N,D1,1664496000,5428.5,5465.5,5367.0,5447.0,1138901,1,3720140
WDO$N,D1,1664755200,5300.0,5347.5,5188.5,5205.0,1270059,1,4198090
WDO$N,D1,1664841600,5180.0,5254.0,5144.0,5207.5,1360944,1,4441314
WDO$N,D1,1664928000,5248.5,5274.0,5191.5,5224.0,1247349,1,3780252
WDO$N,D1,1665014400,5225.5,5258.5,5202.0,5249.0,1220119,1,3733864
WDO$N,D1,1665100800,5234.5,5277.0,5218.5,5226.5,1120486,1,3335747
WDO$N,D1,1665360000,5215.0,5241.5,5187.5,5209.5,1029637,1,3082468
WDO$N,D1,1665446400,5205.0,5327.5,5202.0,5316.0,1164697,1,3705101
WDO$N,D1,1665619200,5280.0,5403.0,5250.5,5281.0,1434688,1,4405097
WDO$N,D1,1665705600,5297.0,5353.0,5259.5,5340.5,1219003,1,3742516
WDO$N,D1,1665964800,5290.0,5319.5,5269.5,5299.5,1015789,1,3107574
WDO$N,D1,1666051200,5286.5,5312.0,5246.5,5252.5,1174632,1,3694620
WDO$N,D1,1666137600,5290.0,5311.5,5267.0,5282.0,1071677,1,3365702
WDO$N,D1,1666224000,5261.0,5269.0,5204.0,5227.5,1109041,1,3570992
WDO$N,D1,1666310400,5247.0,5286.0,5149.5,5173.5,1471148,1,4623666
WDO$N,D1,1666569600,5209.5,5316.5,5207.5,5307.5,1310569,1,4163976
WDO$N,D1,1666656000,5298.5,5362.5,5281.0,5321.5,1318728,1,4107465
WDO$N,D1,1666742400,5297.0,5391.0,5284.0,5389.0,1215760,1,3767971
WDO$N,D1,1666828800,5393.5,5396.0,5244.5,5339.0,1374342,1,4136621
WDO$N,D1,1666915200,5352.5,5384.0,5281.5,5301.5,1104358,1,3301040
WDO$N,D1,1667174400,5434.0,5443.0,5185.5,5214.0,1434537,1,4510004
WDO$N,D1,1667260800,5179.5,5238.5,5115.0,5170.0,1629119,1,4771983
WDO$N,D1,1667433600,5220.0,5254.0,5115.0,5142.0,1376204,1,4093659
WDO$N,D1,1667520000,5090.0,5145.0,5044.0,5084.5,1254250,1,3768848
WDO$N,D1,1667779200,5086.5,5199.0,5070.0,5184.5,1236350,1,3581185
WDO$N,D1,1667865600,5200.0,5270.0,5152.0,5171.5,1360761,1,4049067
WDO$N,D1,1667952000,5193.5,5220.0,5156.0,5204.0,1249559,1,3584255
WDO$N,D1,1668038400,5264.5,5435.5,5262.5,5369.5,1715844,1,5269000
WDO$N,D1,1668124800,5360.0,5426.5,5269.0,5366.0,1468629,1,4147822
WDO$N,D1,1668384000,5359.5,5374.5,5279.0,5357.5,1366454,1,3812776
WDO$N,D1,1668556800,5360.0,5427.0,5304.5,5425.0,1563771,1,4447479
WDO$N,D1,1668643200,5514.5,5548.0,5403.5,5442.0,1442562,1,4211016
WDO$N,D1,1668729600,5401.0,5411.0,5343.0,5388.0,1346337,1,3943534
WDO$N,D1,1668988800,5398.0,5399.0,5310.0,5332.5,1205871,1,3555290
WDO$N,D1,1669075200,5321.0,5408.5,5290.5,5365.0,1256639,1,3703851
WDO$N,D1,1669161600,5352.5,5420.0,5352.0,5375.0,1139439,1,3357858
WDO$N,D1,1669248000,5324.0,5348.0,5307.0,5322.5,770784,1,2220119
WDO$N,D1,1669334400,5323.5,5430.0,5310.0,5414.0,1000481,1,3149920
WDO$N,D1,1669593600,5427.0,5435.5,5351.5,5367.5,903074,1,2720667
WDO$N,D1,1669680000,5330.0,5336.5,5270.5,5270.5,961955,1,3016213
WDO$N,D1,1669766400,5295.0,5348.5,5205.0,5215.0,1142934,1,3812779
WDO$N,D1,1669852800,5222.0,5247.5,5194.0,5218.5,1093413,1,3268142
WDO$N,D1,1669939200,5214.0,5271.0,5193.0,5247.0,995902,1,2948760
WDO$N,D1,1670198400,5234.5,5320.0,5229.5,5312.0,920026,1,2673141
WDO$N,D1,1670284800,5301.0,5301.5,5246.0,5274.0,1002802,1,3278317
WDO$N,D1,1670371200,5291.0,5303.0,5208.0,5230.0,1034607,1,3281716
WDO$N,D1,1670457600,5254.5,5277.0,5216.0,5257.0,916972,1,2757093
WDO$N,D1,1670544000,5254.0,5307.0,5240.0,5260.0,820875,1,2517878
WDO$N,D1,1670803200,5262.5,5372.5,5254.0,5349.0,971179,1,3207980
WDO$N,D1,1670889600,5341.5,5356.0,5262.0,5320.0,1267971,1,3730346
WDO$N,D1,1670976000,5334.5,5390.5,5291.5,5307.0,1281301,1,3754904
WDO$N,D1,1671062400,5347.5,5365.5,5298.5,5330.5,1124268,1,3279416
WDO$N,D1,1671148800,5332.0,5347.5,5278.0,5332.5,875223,1,2739930
WDO$N,D1,1671408000,5350.0,5353.0,5302.0,5311.5,869478,1,2697529
WDO$N,D1,1671494400,5308.0,5335.5,5185.0,5209.5,1081577,1,3686488
WDO$N,D1,1671580800,5209.0,5228.0,5166.5,5205.0,984121,1,3183616
WDO$N,D1,1671667200,5215.0,5231.5,5165.5,5172.0,894700,1,2802470
WDO$N,D1,1671753600,5178.0,5183.0,5121.0,5161.5,788121,1,2353485
WDO$N,D1,1672012800,5161.5,5226.5,5155.5,5221.0,423588,1,1050907
WDO$N,D1,1672099200,5196.5,5303.5,5195.0,5296.5,805445,1,2746919
WDO$N,D1,1672185600,5266.5,5289.5,5228.5,5270.5,720395,1,2272017
WDO$N,D1,1672272000,5280.0,5338.0,5225.0,5321.5,792191,1,2482948
WDO$N,D1,1672617600,5327.0,5400.0,5320.5,5400.0,639179,1,1794516
WDO$N,D1,1672704000,5423.0,5509.5,5370.5,5504.5,1135157,1,3416241
WDO$N,D1,1672790400,5475.0,5509.0,5455.5,5462.0,1049618,1,3166360
WDO$N,D1,1672876800,5454.0,5459.5,5378.0,5381.0,980942,1,3017877
WDO$N,D1,1672963200,5390.0,5397.5,5245.0,5259.5,1001000,1,3339990
WDO$N,D1,1673222400,5305.0,5334.0,5271.5,5281.0,1016672,1,3049408
WDO$N,D1,1673308800,5281.0,5300.0,5221.0,5225.0,932784,1,2762071
WDO$N,D1,1673395200,5224.5,5256.0,5181.0,5182.5,986233,1,3192962
WDO$N,D1,1673481600,5188.0,5206.5,5088.0,5127.0,1264456,1,4022505
WDO$N,D1,1673568000,5129.5,5172.5,5096.0,5111.5,934303,1,2868830
WDO$N,D1,1673827200,5139.0,5179.0,5110.0,5166.0,744483,1,2114521
WDO$N,D1,1673913600,5169.5,5173.5,5110.5,5114.5,912438,1,2726731
WDO$N,D1,1674000000,5106.0,5202.5,5078.0,5200.0,1126330,1,3544369
WDO$N,D1,1674086400,5260.0,5269.0,5176.5,5182.0,1068786,1,3403898
WDO$N,D1,1674172800,5185.5,5250.5,5176.0,5220.5,972764,1,3080763
WDO$N,D1,1674432000,5220.5,5230.5,5173.5,5219.0,980660,1,3044404
WDO$N,D1,1674518400,5221.0,5228.5,5142.5,5147.0,796885,1,2588166
WDO$N,D1,1674604800,5157.5,5158.5,5074.5,5081.0,928783,1,3161440
WDO$N,D1,1674691200,5079.0,5123.0,5064.0,5076.5,972785,1,3375578
WDO$N,D1,1674777600,5092.5,5120.5,5060.0,5111.0,890041,1,2960553
WDO$N,D1,1675036800,5123.0,5136.0,5085.0,5120.0,867235,1,2768067
WDO$N,D1,1675123200,5166.5,5166.5,5096.0,5098.5,807168,1,2729930
WDO$N,D1,1675209600,5085.0,5135.5,5066.5,5077.0,1028046,1,3461491
WDO$N,D1,1675296000,5053.0,5079.0,4963.5,5074.0,1166829,1,3936172
WDO$N,D1,1675382400,5119.5,5184.0,5070.5,5176.0,1064100,1,3532401
WDO$N,D1,1675641600,5181.5,5233.5,5158.5,5166.5,1000941,1,3302552
WDO$N,D1,1675728000,5160.0,5237.0,5151.0,5232.5,1162961,1,3620969
WDO$N,D1,1675814400,5210.0,5262.5,5183.0,5217.5,1005548,1,3234284
WDO$N,D1,1675900800,5200.0,5309.5,5189.0,5309.0,1203455,1,3961034
WDO$N,D1,1675987200,5321.0,5323.5,5224.0,5232.0,931107,1,3016873
WDO$N,D1,1676246400,5238.0,5242.5,5170.0,5171.5,914354,1,2953559
WDO$N,D1,1676332800,5167.0,5240.0,5140.0,5203.5,1309446,1,4290412
WDO$N,D1,1676419200,5209.5,5249.5,5201.0,5228.0,1021751,1,3310906
WDO$N,D1,1676505600,5215.0,5270.5,5206.5,5228.0,1003166,1,3397641
WDO$N,D1,1676592000,5243.5,5262.0,5157.5,5175.5,849743,1,2940690
WDO$N,D1,1677024000,5192.0,5219.0,5157.5,5160.0,531490,1,1797931
WDO$N,D1,1677110400,5148.0,5181.0,5115.5,5142.5,921893,1,3134764
WDO$N,D1,1677196800,5162.5,5219.5,5151.5,5215.5,857213,1,2886498
WDO$N,D1,1677456000,5192.0,5215.0,5172.5,5202.5,960130,1,3265559
WDO$N,D1,1677542400,5232.0,5280.5,5213.0,5271.0,945530,1,3080005
WDO$N,D1,1677628800,5252.5,5264.0,5207.0,5211.5,956125,1,3068895
WDO$N,D1,1677715200,5225.0,5260.5,5213.0,5240.5,890832,1,2964490
WDO$N,D1,1677801600,5225.5,5261.0,5213.5,5227.0,742743,1,2542097
WDO$N,D1,1678060800,5238.0,5247.0,5180.5,5186.0,732927,1,2580555
WDO$N,D1,1678147200,5196.5,5233.0,5182.0,5219.0,810221,1,2694768
WDO$N,D1,1678233600,5208.5,5212.0,5126.0,5168.5,948577,1,3410498
WDO$N,D1,1678320000,5159.0,5194.5,5133.5,5187.5,1001023,1,3344680
WDO$N,D1,1678406400,5175.0,5245.0,5175.0,5235.0,1019735,1,3515759
WDO$N,D1,1678665600,5236.5,5303.5,5232.0,5267.0,1173755,1,3967710
WDO$N,D1,1678752000,5256.0,5281.0,5239.5,5273.5,944197,1,3110303
WDO$N,D1,1678838400,5325.0,5347.0,5289.0,5306.5,1083880,1,3745531
WDO$N,D1,1678924800,5295.0,5329.0,5242.0,5245.5,989995,1,3303909
WDO$N,D1,1679011200,5255.0,5300.0,5247.5,5294.0,661166,1,2336903
WDO$N,D1,1679270400,5286.0,5297.5,5246.0,5251.5,724483,1,2455183
WDO$N,D1,1679356800,5236.5,5266.0,5228.0,5254.5,698903,1,2452743
WDO$N,D1,1679443200,5256.5,5289.0,5213.5,5251.5,928514,1,3176944
WDO$N,D1,1679529600,5215.5,5310.0,5212.0,5306.5,891294,1,3304686
WDO$N,D1,1679616000,5330.0,5349.0,5246.0,5255.0,884797,1,3335365
WDO$N,D1,1679875200,5256.0,5257.0,5198.5,5203.5,659736,1,2102793
WDO$N,D1,1679961600,5199.0,5199.0,5151.0,5169.0,787689,1,2958086
WDO$N,D1,1680048000,5166.0,5185.0,5128.5,5139.0,890569,1,3270213
WDO$N,D1,1680134400,5106.0,5162.5,5070.0,5096.0,1022238,1,3626029
WDO$N,D1,1680220800,5133.0,5133.0,5079.0,5087.5,812331,1,3179935
WDO$N,D1,1680480000,5078.5,5104.0,5063.0,5089.0,757073,1,2549026
WDO$N,D1,1680566400,5074.0,5120.0,5071.5,5092.0,693956,1,2546098
WDO$N,D1,1680652800,5092.0,5097.5,5031.5,5058.0,801106,1,2858788
WDO$N,D1,1680739200,5063.0,5101.5,5058.5,5078.5,601789,1,2117342
WDO$N,D1,1681084800,5074.0,5109.5,5055.5,5087.5,614968,1,2083779
WDO$N,D1,1681171200,5070.0,5075.5,5003.0,5021.5,805102,1,3158495
WDO$N,D1,1681257600,5026.5,5028.0,4927.5,4933.5,1006825,1,3664956
WDO$N,D1,1681344000,4936.0,4952.0,4905.5,4940.0,836984,1,3171704
WDO$N,D1,1681430400,4947.5,4975.5,4902.5,4919.0,783431,1,2815542
WDO$N,D1,1681689600,4930.0,4967.0,4909.0,4950.5,725324,1,2563573
WDO$N,D1,1681776000,4927.5,5004.5,4918.5,4993.5,848231,1,3117407
WDO$N,D1,1681862400,5019.5,5097.0,5012.5,5083.0,920294,1,3278698
WDO$N,D1,1681948800,5091.5,5092.5,5042.0,5056.0,704922,1,2439530
WDO$N,D1,1682294400,5074.0,5090.5,5038.0,5039.5,741339,1,2518150
WDO$N,D1,1682380800,5050.5,5087.0,5033.0,5064.0,859080,1,3059829
WDO$N,D1,1682467200,5050.0,5075.0,5037.0,5047.5,818274,1,2903908
WDO$N,D1,1682553600,5040.0,5050.0,4972.0,4975.0,889614,1,3295357
WDO$N,D1,1682640000,5023.5,5050.0,5010.5,5016.0,708303,1,2679156
WDO$N,D1,1682985600,5029.0,5083.0,5022.5,5067.5,717337,1,2471843
WDO$N,D1,1683072000,5046.0,5080.0,5008.5,5023.0,889169,1,2946425
WDO$N,D1,1683158400,5005.0,5061.5,4995.5,5012.5,830662,1,2835831
WDO$N,D1,1683244800,5008.5,5034.0,4951.0,4978.5,825508,1,2900757
WDO$N,D1,1683504000,4978.0,5042.0,4966.0,5034.0,820479,1,2826062
WDO$N,D1,1683590400,5031.0,5060.0,4995.5,5009.5,808756,1,2850491
WDO$N,D1,1683676800,5008.5,5013.5,4960.0,4966.0,819461,1,2648768
WDO$N,D1,1683763200,4977.0,5004.5,4946.0,4952.0,833486,1,2925054
WDO$N,D1,1683849600,4953.0,4975.0,4924.5,4939.5,745650,1,2644096
WDO$N,D1,1684108800,4938.0,4949.0,4902.0,4910.5,772038,1,2640870
WDO$N,D1,1684195200,4909.0,4968.5,4901.5,4955.0,945758,1,3260559
WDO$N,D1,1684281600,4955.0,4984.5,4935.5,4953.0,893477,1,3068747
WDO$N,D1,1684368000,4963.5,4994.5,4961.5,4980.0,764893,1,2688254
WDO$N,D1,1684454400,4965.5,5015.5,4956.5,5010.0,834101,1,3172258
WDO$N,D1,1684713600,5009.5,5016.0,4963.0,4978.5,690777,1,2396368
WDO$N,D1,1684800000,4989.0,5003.0,4958.5,4981.0,742586,1,2727030
WDO$N,D1,1684886400,4971.0,4971.5,4941.5,4966.0,656949,1,2356301
WDO$N,D1,1684972800,4958.5,5049.0,4949.5,5041.5,875912,1,3650636
WDO$N,D1,1685059200,5020.5,5036.0,4982.5,5002.0,803432,1,2915301
WDO$N,D1,1685318400,5005.0,5024.0,4977.0,5022.5,524301,1,1713161
WDO$N,D1,1685404800,5010.0,5071.0,5002.0,5040.5,796294,1,2932035
WDO$N,D1,1685491200,5085.0,5156.0,5080.0,5083.0,1054051,1,4003403
WDO$N,D1,1685577600,5067.0,5086.0,5032.0,5044.0,837052,1,3025740
WDO$N,D1,1685664000,5030.0,5031.0,4972.0,4985.0,767020,1,2794849
WDO$N,D1,1685923200,5000.0,5001.0,4936.5,4958.0,771905,1,2729965
WDO$N,D1,1686009600,4956.5,4979.0,4923.0,4935.0,748478,1,2763419
WDO$N,D1,1686096000,4930.0,4954.5,4922.5,4952.0,766008,1,2823458
WDO$N,D1,1686268800,4936.0,4948.5,4875.5,4898.0,662983,1,2431030
WDO$N,D1,1686528000,4901.5,4919.5,4880.5,4881.0,678410,1,2440536
WDO$N,D1,1686614400,4885.0,4896.5,4865.0,4880.0,725613,1,2701754
WDO$N,D1,1686700800,4875.0,4883.0,4811.5,4832.5,881597,1,3443338
WDO$N,D1,1686787200,4840.0,4858.5,4808.5,4826.5,744523,1,2707611
WDO$N,D1,1686873600,4823.5,4861.5,4819.5,4829.5,736456,1,2696011
WDO$N,D1,1687132800,4835.0,4842.0,4770.0,4788.5,542317,1,2104965
WDO$N,D1,1687219200,4795.5,4817.0,4783.0,4799.5,764956,1,2739826
WDO$N,D1,1687305600,4800.0,4823.0,4768.5,4768.5,687859,1,2623749
WDO$N,D1,1687392000,4773.0,4795.0,4758.0,4778.5,695720,1,2579035
WDO$N,D1,1687478400,4795.5,4812.5,4770.5,4792.5,627350,1,2326353
WDO$N,D1,1687737600,4785.0,4786.5,4761.5,4772.5,500943,1,1839553
WDO$N,D1,1687824000,4771.0,4818.0,4752.5,4815.0,702523,1,2778824
WDO$N,D1,1687910400,4817.5,4871.5,4811.0,4853.5,733220,1,2919093
WDO$N,D1,1687996800,4848.0,4876.0,4831.0,4862.0,746272,1,2888578
WDO$N,D1,1688083200,4886.0,4895.5,4808.0,4811.0,725514,1,2897133
WDO$N,D1,1688342400,4821.0,4835.5,4783.5,4832.5,625315,1,2209775
WDO$N,D1,1688428800,4823.0,4873.5,4807.0,4865.0,501074,1,1756572
WDO$N,D1,1688515200,4868.0,4893.0,4857.5,4872.5,705470,1,2454365
WDO$N,D1,1688601600,4870.5,4973.5,4863.5,4942.5,911180,1,3396570
WDO$N,D1,1688688000,4942.0,4959.0,4869.0,4894.0,850905,1,2905909
WDO$N,D1,1688947200,4888.0,4923.5,4875.5,4921.5,742278,1,2386572
WDO$N,D1,1689033600,4916.5,4941.5,4870.0,4874.0,785528,1,2591190
WDO$N,D1,1689120000,4867.5,4878.0,4801.0,4835.0,875609,1,2949617
WDO$N,D1,1689206400,4816.0,4843.5,4802.5,4813.0,806198,1,2835029
WDO$N,D1,1689292800,4818.5,4829.5,4790.5,4805.5,778136,1,2785230
WDO$N,D1,1689552000,4815.0,4863.0,4810.5,4820.0,672470,1,2403891
WDO$N,D1,1689638400,4818.0,4839.0,4806.5,4824.5,778479,1,2812134
WDO$N,D1,1689724800,4827.0,4832.5,4791.0,4800.5,638772,1,2321514
WDO$N,D1,1689811200,4801.0,4821.0,4778.0,4805.5,717628,1,2676768
WDO$N,D1,1689897600,4828.0,4830.0,4767.5,4789.0,629015,1,2312168
WDO$N,D1,1690156800,4778.0,4788.5,4729.0,4735.0,675661,1,2606928
WDO$N,D1,1690243200,4731.0,4764.5,4722.5,4759.0,686907,1,2600065
WDO$N,D1,1690329600,4747.0,4758.0,4725.0,4739.0,636155,1,2420200
WDO$N,D1,1690416000,4726.5,4762.5,4711.5,4745.5,754122,1,2931834
WDO$N,D1,1690502400,4729.5,4744.0,4697.0,4736.5,661177,1,2550143
WDO$N,D1,1690761600,4761.0,4788.5,4741.5,4753.0,561484,1,2199955
WDO$N,D1,1690848000,4755.0,4827.5,4755.0,4820.0,706033,1,2709925
WDO$N,D1,1690934400,4827.0,4848.0,4807.0,4836.5,685255,1,2549493
WDO$N,D1,1691020800,4871.0,4948.0,4868.0,4945.0,845636,1,3345324
WDO$N,D1,1691107200,4945.0,4949.0,4870.5,4898.0,744962,1,2878157
WDO$N,D1,1691366400,4895.0,4937.5,4891.0,4923.5,557440,1,2109753
WDO$N,D1,1691452800,4954.5,4963.0,4911.0,4923.0,737492,1,2707404
WDO$N,D1,1691539200,4914.5,4936.0,4894.0,4922.0,759287,1,2756039
WDO$N,D1,1691625600,4909.5,4915.0,4860.5,4912.5,799088,1,2970616
WDO$N,D1,1691712000,4894.0,4928.5,4881.0,4926.0,719845,1,2553558
WDO$N,D1,1691971200,4932.0,4988.5,4928.5,4978.5,689742,1,2663017
WDO$N,D1,1692057600,4993.0,5014.0,4975.0,5001.5,795345,1,2938982
WDO$N,D1,1692144000,4990.5,5007.0,4965.0,5003.0,809898,1,2982621
WDO$N,D1,1692230400,4987.0,5011.5,4973.5,4991.0,784741,1,2709177
WDO$N,D1,1692316800,4992.5,5014.5,4970.0,4982.0,699338,1,2419926
WDO$N,D1,1692576000,4980.0,5007.5,4969.0,4992.0,597301,1,2048920
WDO$N,D1,1692662400,4975.0,4975.0,4934.5,4948.5,698026,1,2467209
WDO$N,D1,1692748800,4935.0,4949.0,4853.0,4865.0,793453,1,3153988
WDO$N,D1,1692835200,4879.0,4894.0,4862.0,4890.0,674441,1,2465254
WDO$N,D1,1692921600,4887.0,4906.5,4863.0,4877.0,779587,1,2846457
WDO$N,D1,1693180800,4880.5,4915.0,4869.0,4878.5,610431,1,2089495
WDO$N,D1,1693267200,4883.0,4905.0,4852.0,4857.5,841913,1,3156421
WDO$N,D1,1693353600,4862.0,4895.0,4844.0,4895.0,698793,1,2831359
WDO$N,D1,1693440000,4903.5,4982.0,4885.0,4974.5,905113,1,3934160
WDO$N,D1,1693526400,4962.0,4972.0,4920.0,4967.5,800038,1,2843848
WDO$N,D1,1693785600,4955.0,4963.0,4927.5,4959.0,468884,1,1708814
WDO$N,D1,1693872000,4982.0,5005.0,4974.0,4987.5,699245,1,2640212
WDO$N,D1,1693958400,4994.0,5014.0,4973.0,4999.0,738855,1,2817180
WDO$N,D1,1694131200,5001.5,5011.5,4983.0,5005.0,554891,1,1957030
WDO$N,D1,1694390400,4977.0,4987.5,4935.5,4944.0,612495,1,2438325
WDO$N,D1,1694476800,4958.0,4981.0,4948.0,4960.5,583902,1,2128060
WDO$N,D1,1694563200,4967.5,4979.0,4906.0,4928.0,723154,1,2837474
WDO$N,D1,1694649600,4929.5,4934.0,4874.0,4880.0,750499,1,2926901
WDO$N,D1,1694736000,4877.5,4890.0,4870.0,4880.0,633800,1,2497459
WDO$N,D1,1694995200,4884.0,4887.5,4850.5,4866.5,568184,1,2351639
WDO$N,D1,1695081600,4855.5,4883.5,4848.0,4875.5,592307,1,2371668
WDO$N,D1,1695168000,4865.0,4889.0,4848.5,4886.5,680317,1,2786369
WDO$N,D1,1695254400,4902.0,4945.5,4897.0,4943.0,735235,1,3145168
WDO$N,D1,1695340800,4920.0,4942.5,4908.5,4940.5,580214,1,2440948
WDO$N,D1,1695600000,4949.0,4978.0,4940.5,4972.0,586090,1,2348614
WDO$N,D1,1695686400,4977.0,4996.0,4954.0,4989.5,770297,1,3233990
WDO$N,D1,1695772800,4987.0,5079.5,4987.0,5044.0,945803,1,4305063
WDO$N,D1,1695859200,5040.0,5070.5,5015.5,5034.5,921743,1,3806231
WDO$N,D1,1695945600,5038.5,5057.0,5009.5,5057.0,817863,1,3506045
WDO$N,D1,1696204800,5088.0,5100.0,5057.5,5083.0,762985,1,3177140
WDO$N,D1,1696291200,5099.0,5192.5,5090.0,5187.5,1072321,1,4537192
WDO$N,D1,1696377600,5162.0,5197.0,5142.5,5173.0,1002944,1,4033802
WDO$N,D1,1696464000,5185.0,5206.0,5167.5,5185.0,881824,1,3318372
WDO$N,D1,1696550400,5181.5,5237.0,5160.5,5163.0,1079881,1,4034020
WDO$N,D1,1696809600,5192.0,5199.5,5138.0,5152.5,724009,1,2688711
WDO$N,D1,1696896000,5155.0,5157.0,5063.0,5071.0,863775,1,3459033
WDO$N,D1,1696982400,5058.0,5086.5,5043.5,5063.5,857138,1,3325354
WDO$N,D1,1697155200,5080.5,5116.0,5058.5,5093.0,745945,1,2844897
WDO$N,D1,1697414400,5066.0,5084.0,5044.5,5052.0,663505,1,2451315
WDO$N,D1,1697500800,5060.0,5076.5,5020.0,5052.5,868440,1,3455006
WDO$N,D1,1697587200,5065.0,5085.0,5038.0,5070.0,806506,1,3267460
WDO$N,D1,1697673600,5087.0,5093.5,5029.0,5075.5,998424,1,3900427
WDO$N,D1,1697760000,5066.5,5107.0,5033.0,5040.0,874257,1,3335298
WDO$N,D1,1698019200,5055.0,5060.5,5002.0,5021.0,828772,1,3428708
WDO$N,D1,1698105600,5021.0,5035.5,4994.0,4998.5,845756,1,3419480
WDO$N,D1,1698192000,5002.0,5023.0,4990.0,4998.0,761853,1,3054255
WDO$N,D1,1698278400,5005.5,5022.5,4990.0,4990.0,785658,1,3320439
WDO$N,D1,1698364800,4990.0,5021.5,4932.5,5018.5,887496,1,4030488
WDO$N,D1,1698624000,4995.0,5060.5,4973.0,5050.0,964291,1,3732268
WDO$N,D1,1698710400,5045.0,5089.0,5027.5,5054.5,809611,1,3386187
WDO$N,D1,1698796800,5054.0,5064.0,4969.5,4971.0,955973,1,3743802
WDO$N,D1,1698969600,4951.5,4951.5,4892.0,4918.0,775619,1,2789263
WDO$N,D1,1699228800,4909.0,4926.5,4895.5,4900.5,661745,1,2330280
WDO$N,D1,1699315200,4919.0,4923.0,4871.5,4885.0,699586,1,2884209
WDO$N,D1,1699401600,4900.5,4929.5,4883.0,4922.5,697348,1,2647776
WDO$N,D1,1699488000,4921.5,4959.5,4904.5,4947.0,754039,1,2849545
WDO$N,D1,1699574400,4945.0,4966.0,4912.0,4913.0,634652,1,2318679
WDO$N,D1,1699833600,4920.0,4952.5,4915.5,4917.5,555843,1,2230199
WDO$N,D1,1699920000,4908.0,4916.0,4856.5,4876.0,689878,1,2774576
WDO$N,D1,1700092800,4871.5,4895.0,4845.0,4870.5,704545,1,2733629
WDO$N,D1,1700179200,4862.0,4918.5,4858.0,4912.0,691990,1,2831052
WDO$N,D1,1700438400,4901.0,4911.0,4851.5,4855.0,523205,1,2175044
WDO$N,D1,1700524800,4856.5,4911.5,4847.5,4903.5,704564,1,2627248
WDO$N,D1,1700611200,4904.5,4924.0,4881.5,4910.5,754274,1,2889447
WDO$N,D1,1700697600,4904.0,4913.0,4890.5,4910.0,353543,1,1307835
WDO$N,D1,1700784000,4903.5,4908.5,4885.0,4899.5,514108,1,1936289
WDO$N,D1,1701043200,4902.0,4923.0,4873.0,4898.5,668043,1,2776596
WDO$N,D1,1701129600,4898.5,4909.5,4858.5,4872.0,804102,1,3169873
WDO$N,D1,1701216000,4874.0,4907.0,4864.5,4905.0,740610,1,2814810
WDO$N,D1,1701302400,4929.5,4960.0,4928.5,4943.5,791977,1,3129518
WDO$N,D1,1701388800,4925.5,4950.0,4881.5,4894.0,755289,1,2945138
WDO$N,D1,1701648000,4907.0,4966.0,4902.5,4955.0,613614,1,2377794
WDO$N,D1,1701734400,4964.0,4979.0,4934.0,4941.0,813804,1,2973340
WDO$N,D1,1701820800,4930.0,4932.0,4897.5,4912.0,593323,1,2285689
WDO$N,D1,1701907200,4907.0,4925.0,4890.0,4923.0,656043,1,2436991
WDO$N,D1,1701993600,4906.0,4945.0,4905.0,4938.0,676627,1,2439909
WDO$N,D1,1702252800,4942.5,4966.5,4936.5,4945.0,527479,1,1961445
WDO$N,D1,1702339200,4933.5,4978.5,4928.0,4968.5,646490,1,2627566
WDO$N,D1,1702425600,4967.5,4981.0,4918.0,4920.5,793219,1,3305844
WDO$N,D1,1702512000,4885.0,4922.0,4880.5,4918.5,750276,1,3084797
WDO$N,D1,1702598400,4913.0,4954.0,4906.5,4940.0,676539,1,2773234
WDO$N,D1,1702857600,4939.5,4953.0,4891.5,4897.0,608671,1,2334713
WDO$N,D1,1702944000,4889.5,4896.0,4849.5,4866.0,609598,1,2693781
WDO$N,D1,1703030400,4870.0,4917.0,4855.0,4915.0,577029,1,2397864
WDO$N,D1,1703116800,4887.5,4899.0,4863.5,4886.0,640748,1,2555562
WDO$N,D1,1703203200,4871.5,4879.0,4846.5,4858.0,505227,1,2138814
WDO$N,D1,1703548800,4848.0,4858.0,4809.0,4809.0,453679,1,1886979
WDO$N,D1,1703635200,4808.0,4834.0,4798.5,4823.0,507705,1,2003370
WDO$N,D1,1703721600,4838.0,4889.0,4835.5,4867.5,573081,1,2351749
WDO$N,D1,1704153600,4884.0,4945.0,4866.0,4943.0,613948,1,2470972
WDO$N,D1,1704240000,4957.0,4957.5,4917.0,4939.0,707145,1,2637441
WDO$N,D1,1704326400,4929.5,4954.5,4913.0,4914.0,594536,1,2323009
WDO$N,D1,1704412800,4927.0,4958.5,4876.5,4890.0,725359,1,2780987
WDO$N,D1,1704672000,4894.5,4917.0,4879.0,4885.0,584036,1,2022037
WDO$N,D1,1704758400,4895.5,4924.0,4890.5,4919.0,574630,1,2150385
WDO$N,D1,1704844800,4915.0,4919.5,4891.0,4906.5,555769,1,2058893
WDO$N,D1,1704931200,4903.5,4907.5,4871.0,4883.5,753377,1,2996559
WDO$N,D1,1705017600,4884.0,4890.0,4842.0,4865.5,663573,1,2635274
WDO$N,D1,1705276800,4850.0,4897.0,4850.0,4871.0,383149,1,1563613
WDO$N,D1,1705363200,4908.0,4943.5,4895.5,4936.0,793160,1,3213526
WDO$N,D1,1705449600,4957.0,4963.5,4932.0,4947.0,698499,1,2705708
WDO$N,D1,1705536000,4936.0,4965.0,4922.0,4936.5,633243,1,2566083
WDO$N,D1,1705622400,4923.5,4947.0,4910.0,4938.5,569628,1,2371614
WDO$N,D1,1705881600,4931.5,4999.5,4929.5,4997.5,749968,1,3343120
WDO$N,D1,1705968000,4992.0,5007.0,4952.0,4957.5,712873,1,2984639
WDO$N,D1,1706054400,4935.0,4942.5,4912.5,4937.0,594191,1,2587527
WDO$N,D1,1706140800,4934.5,4946.5,4911.5,4920.5,529437,1,2168869
WDO$N,D1,1706227200,4909.5,4923.5,4905.5,4920.0,476400,1,1994372
WDO$N,D1,1706486400,4919.5,4961.5,4908.0,4955.0,598198,1,2734156
WDO$N,D1,1706572800,4945.0,4983.0,4935.5,4954.0,591712,1,2652385
WDO$N,D1,1706659200,4961.0,4979.0,4937.5,4961.5,849760,1,3633553
WDO$N,D1,1706745600,4961.0,4982.0,4922.5,4929.0,626372,1,2599219
WDO$N,D1,1706832000,4923.5,4988.0,4915.0,4984.0,617747,1,2745058
WDO$N,D1,1707091200,4989.0,5029.0,4980.5,4997.0,556958,1,2525824
WDO$N,D1,1707177600,4987.0,4991.0,4960.5,4974.5,533961,1,2406790
WDO$N,D1,1707264000,4973.0,4983.0,4961.0,4979.0,472321,1,1966963
WDO$N,D1,1707350400,4985.0,5012.0,4982.5,5004.0,511425,1,2419326
WDO$N,D1,1707436800,4999.0,5000.0,4959.0,4963.0,498793,1,2282074
WDO$N,D1,1707868800,4979.0,4987.0,4971.0,4976.0,201888,1,1006664
WDO$N,D1,1707955200,4965.0,4990.0,4964.0,4980.5,458348,1,2321017
WDO$N,D1,1708041600,4976.0,4995.0,4965.0,4974.0,417439,1,1997857
WDO$N,D1,1708300800,4974.0,4977.0,4957.0,4963.0,248708,1,1156809
WDO$N,D1,1708387200,4968.0,4969.0,4929.0,4930.0,498360,1,2504416
WDO$N,D1,1708473600,4934.5,4950.0,4925.0,4938.5,455071,1,2086066
WDO$N,D1,1708560000,4930.0,4969.0,4922.0,4964.0,494985,1,2409438
WDO$N,D1,1708646400,4963.0,4999.5,4961.0,4999.0,555320,1,2814869
WDO$N,D1,1708905600,4986.0,4997.0,4971.5,4985.5,450232,1,1876931
WDO$N,D1,1708992000,4979.0,4980.0,4928.5,4934.5,562058,1,2586793
WDO$N,D1,1709078400,4943.5,4975.0,4941.5,4965.0,529858,1,2370292
WDO$N,D1,1709164800,4973.0,5013.0,4971.5,4983.0,596783,1,3016444
WDO$N,D1,1709251200,4973.5,4987.0,4958.5,4968.0,493709,1,2118103
WDO$N,D1,1709510400,4965.0,4969.5,4951.5,4958.5,314060,1,1453329
WDO$N,D1,1709596800,4964.0,4973.0,4950.5,4966.0,425200,1,1871161
WDO$N,D1,1709683200,4955.0,4959.5,4942.5,4958.0,420350,1,1805165
WDO$N,D1,1709769600,4947.5,4953.0,4941.0,4944.5,305163,1,1515028
WDO$N,D1,1709856000,4960.0,5000.0,4959.5,4990.0,655511,1,2913193
WDO$N,D1,1710115200,4990.0,5007.0,4967.0,4985.5,457840,1,2194766
WDO$N,D1,1710201600,4980.0,5000.0,4963.5,4975.5,584301,1,2524634
WDO$N,D1,1710288000,4970.0,4992.5,4967.0,4973.5,407132,1,1890176
WDO$N,D1,1710374400,4969.0,5005.0,4958.0,5000.0,537334,1,2645912
WDO$N,D1,1710460800,4992.5,5005.5,4986.0,5003.5,397972,1,2066924
WDO$N,D1,1710720000,4993.0,5039.5,4986.5,5033.5,475538,1,2398260
WDO$N,D1,1710806400,5047.0,5057.0,5011.5,5032.0,548396,1,2816940
WDO$N,D1,1710892800,5033.0,5035.0,4965.5,4971.0,617574,1,2871450
WDO$N,D1,1710979200,4957.0,4987.0,4955.5,4976.0,420133,1,2109140
WDO$N,D1,1711065600,4995.0,5009.5,4981.5,5004.0,463454,1,2161452
WDO$N,D1,1711324800,4993.5,5005.5,4971.5,4973.0,412342,1,1955819
WDO$N,D1,1711411200,4969.5,4992.5,4963.0,4975.0,439624,1,2155937
WDO$N,D1,1711497600,4972.0,4995.0,4971.0,4994.0,462500,1,2221348
WDO$N,D1,1711584000,5010.0,5040.0,4995.5,5037.0,493650,1,2643454
WDO$N,D1,1711929600,5024.5,5086.0,5024.0,5068.0,559381,1,2665487
WDO$N,D1,1712016000,5045.0,5082.5,5044.5,5081.0,576529,1,2661124
WDO$N,D1,1712102400,5084.5,5105.0,5048.5,5058.0,633622,1,2925004
WDO$N,D1,1712188800,5055.0,5072.0,5018.5,5071.0,611197,1,2754494
WDO$N,D1,1712275200,5065.0,5087.5,5041.0,5080.0,657686,1,2740462
WDO$N,D1,1712534400,5082.0,5086.5,5035.0,5035.5,468010,1,1894996
WDO$N,D1,1712620800,5035.5,5037.5,5010.0,5016.5,488328,1,2031376
WDO$N,D1,1712707200,5014.0,5095.5,5007.0,5078.0,767751,1,3372585
WDO$N,D1,1712793600,5083.0,5104.0,5068.0,5102.0,610160,1,2593888
WDO$N,D1,1712880000,5122.5,5157.5,5116.5,5127.5,678350,1,3241375
WDO$N,D1,1713139200,5117.0,5223.5,5112.5,5193.5,842938,1,3634889
WDO$N,D1,1713225600,5207.0,5299.5,5205.0,5294.5,986903,1,4233350
WDO$N,D1,1713312000,5288.0,5290.0,5225.5,5238.5,889835,1,3508745
WDO$N,D1,1713398400,5236.5,5285.0,5234.5,5248.0,747862,1,2975162
WDO$N,D1,1713484800,5276.0,5283.5,5190.5,5212.0,689623,1,2849454
WDO$N,D1,1713744000,5212.0,5222.0,5167.5,5173.0,595073,1,2411795
WDO$N,D1,1713830400,5176.5,5192.0,5122.0,5135.0,620462,1,2519677
WDO$N,D1,1713916800,5135.5,5174.0,5126.0,5156.5,570041,1,2406034
WDO$N,D1,1714003200,5155.5,5196.0,5111.0,5165.0,722030,1,3065424
WDO$N,D1,1714089600,5169.5,5171.0,5110.0,5125.0,581235,1,2443745
WDO$N,D1,1714348800,5110.0,5124.0,5103.5,5120.0,544553,1,2317826
WDO$N,D1,1714435200,5131.5,5222.0,5129.5,5218.0,644695,1,2952212
WDO$N,D1,1714608000,5173.0,5173.5,5114.5,5127.0,587162,1,2703138
WDO$N,D1,1714694400,5116.0,5130.0,5057.5,5088.0,677082,1,2887728
WDO$N,D1,1714953600,5075.0,5103.5,5072.0,5090.0,447558,1,1849026
WDO$N,D1,1715040000,5089.5,5095.0,5059.5,5085.0,511748,1,2205057
WDO$N,D1,1715126400,5086.5,5118.0,5086.0,5099.0,485748,1,2161949
WDO$N,D1,1715212800,5152.5,5187.5,5146.5,5147.0,718402,1,3230276
WDO$N,D1,1715299200,5148.5,5173.5,5127.5,5173.5,560699,1,2433607
WDO$N,D1,1715558400,5155.0,5173.0,5132.0,5165.5,496056,1,2033755
WDO$N,D1,1715644800,5156.0,5169.0,5131.5,5133.0,554111,1,2312115
WDO$N,D1,1715731200,5170.0,5175.0,5127.0,5144.0,662220,1,2753295
WDO$N,D1,1715817600,5146.0,5146.0,5111.5,5140.0,503136,1,2215078
WDO$N,D1,1715904000,5142.0,5144.0,5105.0,5105.0,492799,1,2236120
WDO$N,D1,1716163200,5108.0,5134.0,5094.5,5107.0,495904,1,2251152
WDO$N,D1,1716249600,5101.0,5128.0,5087.0,5127.5,607632,1,2579205
WDO$N,D1,1716336000,5140.0,5166.5,5136.0,5154.5,575775,1,2696024
WDO$N,D1,1716422400,5146.0,5162.0,5127.0,5143.5,532429,1,2477907
WDO$N,D1,1716508800,5140.0,5176.5,5131.0,5172.0,488738,1,2210942
WDO$N,D1,1716768000,5160.0,5185.0,5156.0,5173.5,317803,1,1418227
WDO$N,D1,1716854400,5166.5,5169.5,5135.0,5164.0,500103,1,2359297
WDO$N,D1,1716940800,5176.5,5214.0,5170.0,5204.5,533847,1,2583398
WDO$N,D1,1717113600,5212.0,5271.5,5208.0,5261.0,631855,1,2964763
WDO$N,D1,1717372800,5267.5,5280.5,5227.0,5265.0,722440,1,3023615
WDO$N,D1,1717459200,5273.0,5309.0,5261.5,5303.0,803288,1,3421132
WDO$N,D1,1717545600,5284.5,5317.0,5272.0,5312.0,651586,1,2885879
WDO$N,D1,1717632000,5305.0,5320.5,5252.5,5271.5,639255,1,2869342
WDO$N,D1,1717718400,5265.5,5374.5,5251.5,5365.5,870389,1,3570375
WDO$N,D1,1717977600,5356.0,5399.5,5325.5,5365.5,770502,1,3068202
WDO$N,D1,1718064000,5369.0,5383.0,5345.5,5379.0,699394,1,2808716
WDO$N,D1,1718150400,5379.0,5438.5,5345.0,5412.5,1113949,1,4146224
WDO$N,D1,1718236800,5400.5,5425.0,5368.5,5373.0,806099,1,3049183
WDO$N,D1,1718323200,5385.0,5394.5,5352.0,5382.5,694422,1,2620850
WDO$N,D1,1718582400,5380.0,5436.0,5378.0,5431.5,566766,1,2082040
WDO$N,D1,1718668800,5440.5,5450.0,5396.5,5445.0,705426,1,2883208
WDO$N,D1,1718755200,5438.5,5487.5,5420.0,5420.5,550694,1,2406216
WDO$N,D1,1718841600,5383.0,5473.5,5383.0,5454.5,843590,1,3700653
WDO$N,D1,1718928000,5450.0,5465.5,5426.0,5438.0,720226,1,3018200
WDO$N,D1,1719187200,5433.0,5440.0,5378.0,5396.5,598544,1,2482556
WDO$N,D1,1719273600,5413.5,5463.0,5406.5,5459.0,710090,1,2741323
WDO$N,D1,1719360000,5467.5,5537.5,5460.0,5530.0,800125,1,3339815
WDO$N,D1,1719446400,5523.0,5540.0,5484.0,5503.0,863337,1,3420019
WDO$N,D1,1719532800,5509.0,5618.5,5502.0,5611.0,900075,1,3760774
WDO$N,D1,1719792000,5600.0,5683.0,5584.5,5672.5,881375,1,3464019
WDO$N,D1,1719878400,5674.5,5717.0,5646.0,5693.0,1000240,1,4018090
WDO$N,D1,1719964800,5680.5,5685.5,5557.5,5570.5,885539,1,3614096
WDO$N,D1,1720051200,5529.0,5532.0,5483.0,5498.0,645402,1,2425628
WDO$N,D1,1720137600,5485.0,5550.0,5471.5,5474.0,859882,1,3145680
WDO$N,D1,1720396800,5470.0,5509.0,5469.5,5487.0,646468,1,2342175
WDO$N,D1,1720483200,5487.0,5492.0,5424.0,5431.5,627269,1,2448435
WDO$N,D1,1720569600,5419.0,5439.0,5384.0,5429.0,712112,1,2913725
WDO$N,D1,1720656000,5420.5,5466.5,5383.0,5451.0,863825,1,3370285
WDO$N,D1,1720742400,5437.0,5477.5,5427.0,5440.5,698701,1,2601553
WDO$N,D1,1721001600,5465.0,5488.0,5440.0,5460.0,679408,1,2433679
WDO$N,D1,1721088000,5446.5,5472.0,5415.0,5434.0,818442,1,3123474
WDO$N,D1,1721174400,5450.0,5499.0,5443.0,5498.5,712877,1,2866677
WDO$N,D1,1721260800,5492.5,5598.0,5489.0,5558.5,854484,1,3436857
WDO$N,D1,1721347200,5548.0,5621.5,5529.5,5619.0,650592,1,2523231
WDO$N,D1,1721606400,5600.0,5617.5,5542.0,5578.5,792138,1,2954677
WDO$N,D1,1721692800,5589.5,5613.0,5564.0,5593.0,864819,1,3424783
WDO$N,D1,1721779200,5605.0,5666.0,5602.0,5659.0,905728,1,3402872
WDO$N,D1,1721865600,5691.0,5699.5,5623.5,5640.5,952292,1,3497700
WDO$N,D1,1721952000,5620.5,5676.0,5619.5,5669.0,839635,1,3292005
WDO$N,D1,1722211200,5666.5,5671.0,5615.0,5616.0,760364,1,2963736
WDO$N,D1,1722297600,5617.0,5664.5,5610.0,5611.5,770375,1,2941531
WDO$N,D1,1722384000,5627.0,5702.0,5621.5,5677.5,1059080,1,4079643
WDO$N,D1,1722470400,5690.5,5774.0,5651.0,5770.5,1126416,1,4307707
WDO$N,D1,1722556800,5778.0,5811.5,5716.5,5749.0,1226976,1,4367451
WDO$N,D1,1722816000,5880.0,5883.0,5730.0,5736.0,1346917,1,4284828
WDO$N,D1,1722902400,5728.5,5729.5,5646.5,5672.5,1152417,1,4273143
WDO$N,D1,1722988800,5632.0,5655.0,5611.5,5654.0,979006,1,3475608
WDO$N,D1,1723075200,5646.0,5670.0,5546.0,5547.5,1016218,1,3748334
WDO$N,D1,1723161600,5548.0,5567.5,5504.0,5521.0,913470,1,3478208
WDO$N,D1,1723420800,5519.5,5535.5,5483.5,5506.0,948009,1,3487070
WDO$N,D1,1723507200,5484.0,5513.5,5458.0,5468.0,826950,1,3308881
WDO$N,D1,1723593600,5457.0,5497.0,5436.5,5479.0,882169,1,3278702
WDO$N,D1,1723680000,5478.5,5505.0,5460.5,5495.5,751981,1,2841722
WDO$N,D1,1723766400,5486.0,5495.0,5445.5,5484.5,693139,1,2683959
WDO$N,D1,1724025600,5480.0,5481.5,5384.0,5414.5,870722,1,3468764
WDO$N,D1,1724112000,5446.0,5499.0,5440.5,5485.0,883279,1,3440338
WDO$N,D1,1724198400,5478.5,5516.0,5464.0,5484.0,917126,1,3362625
WDO$N,D1,1724284800,5490.0,5614.0,5485.5,5606.5,984964,1,3815028
WDO$N,D1,1724371200,5589.0,5589.0,5479.5,5484.5,909228,1,3314084
WDO$N,D1,1724630400,5496.5,5517.0,5474.5,5500.0,827233,1,2871458
WDO$N,D1,1724716800,5484.0,5522.0,5479.0,5512.5,781192,1,2679127
WDO$N,D1,1724803200,5513.5,5572.0,5513.0,5566.5,875521,1,3006077
WDO$N,D1,1724889600,5559.5,5664.5,5557.0,5629.0,1020581,1,3476991
WDO$N,D1,1724976000,5596.0,5709.5,5590.0,5629.5,1213823,1,4358974
WDO$N,D1,1725235200,5642.5,5677.5,5620.5,5632.0,812363,1,2524252
WDO$N,D1,1725321600,5656.0,5669.0,5592.0,5663.5,952135,1,3156229
WDO$N,D1,1725408000,5661.5,5677.0,5631.0,5657.0,870594,1,2861302
WDO$N,D1,1725494400,5654.0,5665.0,5580.0,5586.0,846686,1,2837782
WDO$N,D1,1725580800,5592.5,5616.0,5543.0,5614.0,966711,1,3106687
WDO$N,D1,1725840000,5600.0,5654.0,5588.0,5599.0,747546,1,2493999
WDO$N,D1,1725926400,5588.5,5684.0,5581.0,5676.5,921884,1,3200567
WDO$N,D1,1726012800,5647.0,5685.5,5617.5,5678.0,987079,1,3204692
WDO$N,D1,1726099200,5659.5,5688.0,5625.5,5635.5,840150,1,2772604
WDO$N,D1,1726185600,5620.0,5629.5,5554.0,5574.5,808875,1,2812271
WDO$N,D1,1726444800,5572.5,5590.0,5506.0,5513.0,808641,1,2817405
WDO$N,D1,1726531200,5519.0,5523.5,5486.0,5488.0,793681,1,2814775
WDO$N,D1,1726617600,5483.0,5503.0,5417.0,5467.5,1042169,1,3545541
WDO$N,D1,1726704000,5408.0,5447.5,5401.5,5428.0,827346,1,2927388
WDO$N,D1,1726790400,5439.5,5529.0,5423.0,5519.0,899100,1,3274542
WDO$N,D1,1727049600,5573.0,5603.5,5530.0,5541.0,817604,1,2795558
WDO$N,D1,1727136000,5522.0,5530.0,5448.0,5453.0,808201,1,2953647
WDO$N,D1,1727222400,5455.5,5497.5,5441.0,5475.0,722587,1,2608915
WDO$N,D1,1727308800,5445.0,5456.0,5406.5,5438.0,769330,1,2823129
WDO$N,D1,1727395200,5430.0,5459.0,5426.5,5428.0,662294,1,2269634
WDO$N,D1,1727654400,5449.5,5493.5,5422.0,5471.0,626495,1,2385071
WDO$N,D1,1727740800,5497.0,5497.5,5440.0,5443.5,931760,1,3538792
WDO$N,D1,1727827200,5435.0,5469.0,5422.5,5459.0,694481,1,2399188
WDO$N,D1,1727913600,5472.5,5530.0,5468.0,5495.0,704262,1,2552284
WDO$N,D1,1728000000,5490.0,5538.0,5465.0,5465.0,767189,1,2727549
WDO$N,D1,1728259200,5486.0,5515.0,5437.0,5514.0,715109,1,2584446
WDO$N,D1,1728345600,5521.0,5557.0,5511.5,5551.0,762636,1,2698327
WDO$N,D1,1728432000,5548.0,5615.0,5545.0,5610.0,710692,1,2617648
WDO$N,D1,1728518400,5595.0,5618.5,5580.0,5598.0,827718,1,2817818
WDO$N,D1,1728604800,5587.5,5666.5,5570.5,5616.0,834487,1,3194967
WDO$N,D1,1728864000,5627.0,5664.5,5575.5,5597.5,803122,1,2856079
WDO$N,D1,1728950400,5602.5,5676.0,5591.5,5666.0,876338,1,3192102
WDO$N,D1,1729036800,5665.0,5710.0,5640.5,5679.0,891302,1,3185727
WDO$N,D1,1729123200,5690.5,5698.5,5660.5,5660.5,730669,1,2554192
WDO$N,D1,1729209600,5644.5,5711.5,5637.5,5708.5,731198,1,2632157
WDO$N,D1,1729468800,5711.0,5742.5,5693.5,5696.5,796949,1,2781078
WDO$N,D1,1729555200,5691.5,5723.5,5680.0,5698.5,788776,1,2749937
WDO$N,D1,1729641600,5722.0,5736.5,5689.0,5691.0,795685,1,2871937
WDO$N,D1,1729728000,5688.5,5724.5,5665.0,5671.0,806271,1,2988076
WDO$N,D1,1729814400,5675.0,5719.0,5672.5,5714.0,707049,1,2523152
WDO$N,D1,1730073600,5705.0,5722.5,5687.5,5714.0,652799,1,2341066
WDO$N,D1,1730160000,5710.0,5768.0,5698.0,5764.5,975811,1,3659246
WDO$N,D1,1730246400,5762.0,5792.5,5754.0,5767.5,830819,1,2920342
WDO$N,D1,1730332800,5783.0,5813.5,5770.0,5811.5,736270,1,2633055
WDO$N,D1,1730419200,5805.5,5904.5,5779.5,5895.0,919446,1,3504875
WDO$N,D1,1730678400,5852.5,5856.0,5772.0,5809.0,898951,1,3043987
WDO$N,D1,1730764800,5800.0,5820.0,5753.5,5765.5,891911,1,3122313
WDO$N,D1,1730851200,5868.0,5875.0,5677.0,5727.0,1327019,1,4657035
WDO$N,D1,1730937600,5707.0,5735.5,5645.0,5707.0,1314763,1,4504729
WDO$N,D1,1731024000,5743.5,5801.5,5732.5,5757.0,929836,1,3141908
WDO$N,D1,1731283200,5787.0,5827.0,5759.0,5772.0,787318,1,2651584
WDO$N,D1,1731369600,5795.0,5807.0,5749.0,5758.0,939447,1,3361496
WDO$N,D1,1731456000,5740.0,5829.0,5733.5,5817.5,986092,1,3430026
WDO$N,D1,1731542400,5815.0,5839.0,5772.0,5789.5,929708,1,3176264
WDO$N,D1,1731888000,5785.0,5808.5,5744.0,5754.5,748873,1,2566489
WDO$N,D1,1731974400,5770.0,5804.0,5754.0,5775.5,794430,1,2897461
WDO$N,D1,1732147200,5790.0,5840.5,5788.0,5822.5,865378,1,3076936
WDO$N,D1,1732233600,5828.0,5838.0,5794.0,5810.0,823357,1,2868114
WDO$N,D1,1732492800,5790.0,5824.0,5779.0,5801.5,872828,1,3020083
WDO$N,D1,1732579200,5815.5,5834.5,5783.0,5811.0,817693,1,2971464
WDO$N,D1,1732665600,5806.5,5966.0,5805.0,5963.5,1176534,1,4328321
WDO$N,D1,1732752000,5977.5,6030.0,5947.0,6024.0,840227,1,2849903
WDO$N,D1,1732838400,6025.0,6138.0,5977.0,6008.0,1349724,1,4398216
WDO$N,D1,1733097600,6026.0,6110.5,6023.0,6080.5,1060983,1,3511821
WDO$N,D1,1733184000,6068.5,6113.0,6049.5,6059.0,979234,1,3287022
WDO$N,D1,1733270400,6070.0,6089.5,6036.0,6056.0,865325,1,2993930
WDO$N,D1,1733356800,6049.0,6052.5,5975.5,6030.0,852364,1,3084493
WDO$N,D1,1733443200,6035.0,6108.5,5998.5,6101.5,948459,1,3387326
WDO$N,D1,1733702400,6092.0,6104.0,6050.5,6092.0,792144,1,2684030
WDO$N,D1,1733788800,6067.0,6083.5,6029.5,6057.5,867183,1,2999792
WDO$N,D1,1733875200,6080.0,6084.0,5948.0,5965.0,1129303,1,4029443
WDO$N,D1,1733961600,5899.0,6059.0,5877.0,5984.5,1268168,1,4645428
WDO$N,D1,1734048000,5992.5,6085.5,5980.5,6048.5,1174284,1,3832059
WDO$N,D1,1734307200,6078.5,6161.0,6032.5,6160.5,1151052,1,3705470
WDO$N,D1,1734393600,6155.0,6217.5,6067.5,6114.0,1737293,1,5143849
WDO$N,D1,1734480000,6107.5,6324.5,6100.0,6253.5,1447003,1,4339365
WDO$N,D1,1734566400,6250.0,6308.5,6112.0,6164.5,1876934,1,5697635
WDO$N,D1,1734652800,6106.0,6121.5,6051.0,6100.5,1443908,1,4066011
WDO$N,D1,1734912000,6123.0,6206.0,6113.0,6201.5,935801,1,2640497
WDO$N,D1,1735171200,6165.0,6202.0,6150.5,6186.0,957262,1,2807489
WDO$N,D1,1735257600,6200.0,6218.0,6172.0,6198.5,901932,1,2428639
WDO$N,D1,1735516800,6240.0,6277.5,6186.5,6204.0,965480,1,2860533
WDO$N,D1,1735776000,6219.5,6261.0,6175.0,6185.0,946929,1,2712562
WDO$N,D1,1735862400,6180.0,6232.0,6166.5,6213.5,938683,1,2660672
WDO$N,D1,1736121600,6176.5,6183.5,6121.0,6140.0,1042139,1,2866744
WDO$N,D1,1736208000,6143.0,6147.0,6080.5,6131.0,1102841,1,3157230
WDO$N,D1,1736294400,6151.5,6182.0,6127.5,6130.5,996540,1,2819819
WDO$N,D1,1736380800,6132.0,6147.5,6056.0,6061.0,906723,1,2862294
WDO$N,D1,1736467200,6064.0,6150.0,6055.0,6128.5,958650,1,3093352
WDO$N,D1,1736726400,6149.5,6159.0,6097.5,6116.5,926232,1,2655780
WDO$N,D1,1736812800,6113.5,6113.5,6060.5,6080.5,979738,1,3027365
WDO$N,D1,1736899200,6065.0,6087.0,6020.0,6028.0,1017386,1,3074437
WDO$N,D1,1736985600,6040.0,6086.0,6011.0,6064.5,1032230,1,3240587
WDO$N,D1,1737072000,6072.0,6104.5,6041.5,6085.0,946302,1,2968943
WDO$N,D1,1737331200,6080.0,6100.0,6035.0,6035.0,895502,1,2599548
WDO$N,D1,1737417600,6065.0,6080.0,6029.0,6035.0,860498,1,2710828
WDO$N,D1,1737504000,6023.0,6030.0,5925.0,5951.0,1061252,1,3771726
WDO$N,D1,1737590400,5952.0,5980.0,5882.5,5931.0,1085043,1,3550989
WDO$N,D1,1737676800,5912.0,5932.5,5875.0,5918.0,881891,1,2831029
WDO$N,D1,1737936000,5950.5,5962.0,5898.5,5899.5,908142,1,2826159
WDO$N,D1,1738022400,5916.5,5925.0,5860.0,5864.5,886562,1,2905636
WDO$N,D1,1738108800,5866.0,5891.0,5845.0,5852.0,929981,1,3101510
WDO$N,D1,1738195200,5864.0,5957.5,5850.0,5877.5,1041009,1,3390952
WDO$N,D1,1738281600,5900.0,5905.0,5842.0,5872.5,995658,1,3269619
WDO$N,D1,1738540800,5897.0,5935.0,5823.5,5837.0,1089924,1,3399721
WDO$N,D1,1738627200,5828.5,5854.5,5776.5,5780.0,936727,1,3011238
WDO$N,D1,1738713600,5787.0,5844.0,5775.0,5818.5,918563,1,2878756
WDO$N,D1,1738800000,5830.5,5850.0,5773.5,5786.5,948322,1,3096624
WDO$N,D1,1738886400,5796.5,5837.0,5758.0,5830.5,1141455,1,3604582
WDO$N,D1,1739145600,5831.5,5846.0,5785.5,5810.0,803478,1,2545372
WDO$N,D1,1739232000,5818.0,5826.0,5776.0,5781.0,870414,1,2675213
WDO$N,D1,1739318400,5787.0,5805.0,5760.0,5780.0,968085,1,3139021
WDO$N,D1,1739404800,5775.0,5814.0,5770.5,5776.0,917734,1,2903694
WDO$N,D1,1739491200,5778.5,5783.5,5705.0,5718.0,780594,1,2740537
WDO$N,D1,1739750400,5724.5,5734.5,5707.5,5725.0,538824,1,1766284
WDO$N,D1,1739836800,5724.0,5735.0,5686.0,5699.5,769762,1,2694453
WDO$N,D1,1739923200,5712.0,5741.5,5691.0,5731.0,815699,1,2876550
WDO$N,D1,1740009600,5712.0,5725.0,5695.0,5713.0,762117,1,2625999
WDO$N,D1,1740096000,5711.5,5743.0,5700.5,5739.0,768418,1,2771627
WDO$N,D1,1740355200,5724.0,5789.5,5712.5,5782.0,754180,1,2693518
WDO$N,D1,1740441600,5768.5,5816.5,5742.0,5742.5,944523,1,3226215
WDO$N,D1,1740528000,5742.5,5819.0,5735.0,5804.0,960757,1,3459447
WDO$N,D1,1740614400,5819.0,5843.0,5797.5,5833.0,951926,1,2974342
WDO$N,D1,1740700800,5867.0,5951.0,5855.0,5912.0,991984,1,3551734
WDO$N,D1,1741132800,5871.5,5873.5,5768.0,5771.0,612914,1,2208185
WDO$N,D1,1741219200,5781.0,5810.5,5762.0,5794.5,951094,1,3033819
WDO$N,D1,1741305600,5788.0,5827.5,5780.5,5814.5,861097,1,2687399
WDO$N,D1,1741564800,5818.0,5899.0,5798.0,5880.5,932396,1,3109432
WDO$N,D1,1741651200,5864.0,5873.5,5828.0,5834.0,847328,1,2776988
WDO$N,D1,1741737600,5836.0,5870.0,5808.0,5827.0,819709,1,2698150
WDO$N,D1,1741824000,5843.5,5858.0,5813.5,5823.0,660095,1,2197784
WDO$N,D1,1741910400,5810.0,5812.0,5732.0,5766.0,846009,1,2916320
WDO$N,D1,1742169600,5756.0,5761.0,5683.5,5705.0,795614,1,2721822
WDO$N,D1,1742256000,5719.0,5730.5,5671.0,5689.0,776944,1,2528659
WDO$N,D1,1742342400,5698.5,5704.5,5645.5,5663.0,763916,1,2610834
WDO$N,D1,1742428800,5675.0,5695.0,5660.0,5688.5,760311,1,2557369
WDO$N,D1,1742515200,5699.5,5748.0,5692.5,5738.5,736771,1,2537816
WDO$N,D1,1742774400,5722.5,5781.5,5711.5,5769.5,749842,1,2613805
WDO$N,D1,1742860800,5761.0,5761.5,5684.5,5706.0,816992,1,2881836
WDO$N,D1,1742947200,5711.0,5752.5,5699.0,5742.0,712892,1,2451001
WDO$N,D1,1743033600,5729.0,5775.5,5726.0,5744.5,757573,1,2612815
WDO$N,D1,1743120000,5750.5,5784.0,5748.0,5759.5,777398,1,2619644
WDO$N,D1,1743379200,5797.0,5817.0,5730.0,5731.0,817972,1,2823271
WDO$N,D1,1743465600,5744.0,5762.0,5702.0,5711.0,775965,1,2536291
WDO$N,D1,1743552000,5710.0,5742.0,5675.0,5719.5,998088,1,3130824
WDO$N,D1,1743638400,5652.5,5672.0,5619.5,5661.5,1004573,1,3100844
WDO$N,D1,1743724800,5726.5,5884.5,5724.0,5883.0,1362603,1,4321183
WDO$N,D1,1743984000,5905.0,5958.5,5839.5,5937.0,1414645,1,4191856
WDO$N,D1,1744070400,5898.5,6042.0,5883.5,6037.0,1299756,1,4135595
WDO$N,D1,1744156800,6049.5,6117.5,5836.0,5844.0,1625576,1,4966687
WDO$N,D1,1744243200,5879.5,5975.0,5842.5,5898.5,1267812,1,3813865
WDO$N,D1,1744329600,5843.0,5935.5,5833.0,5881.0,1201478,1,3485888
WDO$N,D1,1744588800,5859.5,5888.5,5841.5,5874.5,892371,1,2499824
WDO$N,D1,1744675200,5870.0,5915.5,5845.0,5890.0,874231,1,2623361
WDO$N,D1,1744761600,5880.0,5929.0,5865.0,5878.5,935271,1,2828608
WDO$N,D1,1744848000,5885.5,5899.5,5807.0,5824.0,894269,1,2789916
WDO$N,D1,1745280000,5804.0,5810.5,5725.5,5730.5,830946,1,2681057
WDO$N,D1,1745366400,5708.0,5735.0,5664.0,5710.0,978884,1,3133017
WDO$N,D1,1745452800,5711.0,5711.0,5667.5,5688.5,858237,1,2772686
WDO$N,D1,1745539200,5705.5,5712.0,5669.0,5691.5,778387,1,2446291
WDO$N,D1,1745798400,5700.0,5702.5,5648.0,5657.0,841627,1,2865570
WDO$N,D1,1745884800,5661.5,5664.0,5614.0,5615.5,816101,1,2521806
WDO$N,D1,1745971200,5663.0,5727.0,5644.5,5710.5,942352,1,3218222
WDO$N,D1,1746144000,5710.0,5715.0,5664.0,5695.0,736635,1,2294531
WDO$N,D1,1746403200,5691.5,5739.5,5664.5,5733.0,698458,1,2326150
WDO$N,D1,1746489600,5733.0,5772.0,5726.5,5749.5,875860,1,2916626
WDO$N,D1,1746576000,5740.0,5795.5,5730.0,5772.5,854760,1,2761447
WDO$N,D1,1746662400,5752.0,5780.5,5689.5,5690.5,864357,1,2947389
WDO$N,D1,1746748800,5697.5,5698.5,5666.5,5679.0,711499,1,2373897
WDO$N,D1,1747008000,5700.0,5733.0,5687.0,5697.5,822411,1,2698076
WDO$N,D1,1747094400,5686.5,5699.0,5619.0,5638.5,901591,1,3195797
WDO$N,D1,1747180800,5627.0,5665.0,5604.5,5662.5,885758,1,2915289
WDO$N,D1,1747267200,5654.0,5719.0,5635.0,5703.0,963362,1,3197801
WDO$N,D1,1747353600,5693.0,5733.0,5680.0,5688.0,775589,1,2575913
WDO$N,D1,1747612800,5676.5,5708.5,5650.0,5663.0,840215,1,2538728
WDO$N,D1,1747699200,5662.5,5698.5,5657.5,5676.5,817126,1,2782766
WDO$N,D1,1747785600,5683.0,5691.0,5652.5,5657.5,760463,1,2507854
WDO$N,D1,1747872000,5660.5,5783.5,5604.5,5765.0,1167617,1,4274340
WDO$N,D1,1747958400,5740.0,5752.5,5650.5,5659.5,945008,1,3071822
WDO$N,D1,1748217600,5650.0,5686.0,5642.0,5669.0,531375,1,1621805
WDO$N,D1,1748304000,5665.0,5677.0,5640.0,5643.0,731444,1,2409543
WDO$N,D1,1748390400,5653.0,5721.0,5647.0,5694.0,840506,1,2803557
WDO$N,D1,1748476800,5700.5,5706.0,5645.0,5668.5,766150,1,2491078
WDO$N,D1,1748563200,5707.0,5777.5,5696.0,5769.0,805374,1,2829685
WDO$N,D1,1748822400,5737.5,5745.0,5701.5,5713.5,791509,1,2475103
WDO$N,D1,1748908800,5714.0,5745.0,5658.5,5672.0,863970,1,2885357
WDO$N,D1,1748995200,5670.0,5684.0,5641.5,5662.0,772717,1,2453406
WDO$N,D1,1749081600,5665.0,5668.5,5608.0,5613.0,841907,1,2845132
WDO$N,D1,1749168000,5624.0,5645.5,5585.0,5592.0,912834,1,2962704
WDO$N,D1,1749427200,5596.5,5624.5,5577.5,5584.0,759214,1,2362037
WDO$N,D1,1749513600,5581.5,5601.0,5561.5,5592.5,752976,1,2461283
WDO$N,D1,1749600000,5591.0,5602.0,5542.5,5560.0,812369,1,2754852
WDO$N,D1,1749686400,5550.0,5579.5,5544.5,5553.0,690928,1,2359229
WDO$N,D1,1749772800,5587.0,5612.0,5548.5,5569.0,788219,1,2766231
WDO$N,D1,1750032000,5543.0,5553.5,5498.0,5498.5,769115,1,2716934
WDO$N,D1,1750118400,5508.0,5521.0,5480.0,5507.5,867504,1,2985428
WDO$N,D1,1750204800,5506.0,5524.5,5488.0,5496.0,760887,1,2589138
WDO$N,D1,1750377600,5483.0,5538.0,5480.0,5527.0,707989,1,2335761
WDO$N,D1,1750636800,5545.5,5552.5,5501.0,5505.0,843830,1,2808382
WDO$N,D1,1750723200,5482.0,5530.0,5482.0,5519.5,799327,1,2857804
WDO$N,D1,1750809600,5517.5,5579.0,5515.0,5562.0,831678,1,2908076
WDO$N,D1,1750896000,5552.0,5567.0,5411.5,5483.0,843249,1,2922459
WDO$N,D1,1750982400,5489.5,5507.0,5461.5,5482.0,874909,1,2997746
WDO$N,D1,1751241600,5525.5,5547.5,5465.0,5473.5,817410,1,2979233
WDO$N,D1,1751328000,5467.5,5509.5,5457.5,5495.5,745017,1,2534058
WDO$N,D1,1751414400,5502.0,5518.5,5452.5,5464.5,814016,1,2888248
WDO$N,D1,1751500800,5465.0,5482.5,5437.5,5448.0,684799,1,2448804
WDO$N,D1,1751587200,5455.5,5462.0,5437.5,5455.5,392850,1,1291904
WDO$N,D1,1751846400,5474.0,5526.0,5470.5,5520.5,764462,1,2730362
WDO$N,D1,1751932800,5505.5,5510.5,5467.0,5483.5,772872,1,2647837
WDO$N,D1,1752019200,5488.0,5638.0,5478.0,5608.5,830893,1,3198776
WDO$N,D1,1752105600,5643.5,5658.0,5553.0,5561.5,1110658,1,3917048
WDO$N,D1,1752192000,5579.5,5619.0,5567.5,5590.5,777437,1,2755746
WDO$N,D1,1752451200,5591.5,5621.5,5568.5,5613.0,710857,1,2496865
WDO$N,D1,1752537600,5599.0,5627.0,5556.5,5574.0,967873,1,3547879
WDO$N,D1,1752624000,5585.0,5613.5,5560.0,5587.0,922005,1,3283806
WDO$N,D1,1752710400,5601.0,5629.0,5556.5,5567.0,726084,1,2579652
WDO$N,D1,1752796800,5581.0,5615.0,5539.5,5592.5,771446,1,2868037
WDO$N,D1,1753056000,5610.0,5626.5,5565.0,5581.0,651441,1,2213611
WDO$N,D1,1753142400,5584.5,5603.5,5564.0,5575.0,727459,1,2539514
WDO$N,D1,1753228800,5575.0,5588.5,5520.5,5521.0,703422,1,2592563
WDO$N,D1,1753315200,5534.5,5549.0,5521.5,5532.5,625145,1,2314746
WDO$N,D1,1753401600,5540.0,5581.0,5528.5,5568.0,636718,1,2373482
WDO$N,D1,1753660800,5592.5,5611.5,5573.5,5594.5,636173,1,2422734
WDO$N,D1,1753747200,5604.0,5607.5,5562.0,5580.0,712016,1,2845672
WDO$N,D1,1753833600,5580.5,5632.0,5536.0,5581.0,1026223,1,3805583
WDO$N,D1,1753920000,5610.0,5668.0,5606.0,5649.5,730611,1,2869547
WDO$N,D1,1754006400,5662.0,5669.5,5568.0,5581.0,878850,1,3368245
WDO$N,D1,1754265600,5572.0,5583.0,5531.5,5559.0,657336,1,2482091
WDO$N,D1,1754352000,5570.5,5573.0,5535.0,5541.5,633993,1,2235535
WDO$N,D1,1754438400,5538.5,5545.5,5492.0,5493.0,681394,1,2647453
WDO$N,D1,1754524800,5498.0,5509.0,5445.5,5448.0,767776,1,2964180
WDO$N,D1,1754611200,5457.0,5473.5,5445.0,5462.0,638632,1,2462127
WDO$N,D1,1754870400,5470.0,5487.5,5462.0,5467.5,542988,1,2022094
WDO$N,D1,1754956800,5468.5,5470.5,5411.5,5428.5,715253,1,2851832
WDO$N,D1,1755043200,5413.0,5435.0,5404.0,5415.0,606635,1,2348713
WDO$N,D1,1755129600,5425.5,5455.5,5417.5,5434.5,687497,1,2656099
WDO$N,D1,1755216000,5428.0,5429.5,5405.5,5414.0,498107,1,1900820
WDO$N,D1,1755475200,5422.0,5460.0,5422.0,5456.5,547490,1,2120415
WDO$N,D1,1755561600,5451.5,5525.0,5446.0,5515.5,773723,1,3274595
WDO$N,D1,1755648000,5513.0,5519.5,5476.5,5492.5,664373,1,2651383
WDO$N,D1,1755734400,5503.0,5510.5,5480.0,5484.5,695633,1,2603351
WDO$N,D1,1755820800,5486.5,5488.5,5423.5,5437.5,658224,1,2581430
WDO$N,D1,1756080000,5438.5,5446.5,5410.5,5418.5,471195,1,1867776
WDO$N,D1,1756166400,5410.0,5456.0,5405.5,5439.5,546705,1,2260353
WDO$N,D1,1756252800,5455.0,5462.5,5419.5,5424.5,652674,1,2640695
WDO$N,D1,1756339200,5417.5,5434.0,5398.5,5420.0,621557,1,2493938
WDO$N,D1,1756425600,5460.0,5483.0,5452.0,5467.0,606606,1,2517865
WDO$N,D1,1756684800,5463.5,5489.0,5454.5,5477.5,379655,1,1545971
WDO$N,D1,1756771200,5505.0,5539.0,5482.5,5506.0,738756,1,2931905
WDO$N,D1,1756857600,5499.0,5504.0,5469.0,5484.0,582655,1,2295241
WDO$N,D1,1756944000,5499.5,5507.0,5476.5,5480.5,556744,1,2179359
WDO$N,D1,1757030400,5463.5,5472.5,5415.0,5444.0,716657,1,2871169
WDO$N,D1,1757289600,5439.0,5478.5,5433.0,5452.0,533052,1,2120216
WDO$N,D1,1757376000,5450.0,5472.0,5441.0,5460.5,581544,1,2207160
WDO$N,D1,1757462400,5460.5,5465.0,5424.0,5427.5,576258,1,2223241
WDO$N,D1,1757548800,5435.0,5449.0,5399.0,5414.5,625789,1,2597929
WDO$N,D1,1757635200,5423.0,5431.5,5363.5,5370.5,641592,1,2798222
WDO$N,D1,1757894400,5369.5,5371.5,5329.0,5337.5,560413,1,2398803
WDO$N,D1,1757980800,5324.5,5340.0,5310.0,5313.0,578126,1,2350627
WDO$N,D1,1758067200,5317.5,5329.0,5291.0,5327.0,679612,1,2718527
WDO$N,D1,1758153600,5309.5,5334.0,5284.5,5321.0,616580,1,2605589
WDO$N,D1,1758240000,5338.0,5351.5,5328.0,5346.0,481691,1,2031618
WDO$N,D1,1758499200,5335.0,5376.0,5331.0,5346.5,586916,1,2490069
WDO$N,D1,1758585600,5347.5,5354.5,5284.5,5285.0,675565,1,3041923
WDO$N,D1,1758672000,5302.0,5341.0,5300.0,5313.0,529787,1,2290046
WDO$N,D1,1758758400,5331.0,5377.0,5314.5,5369.0,691496,1,3034338
WDO$N,D1,1758844800,5370.0,5370.0,5338.0,5354.5,562027,1,2298827
WDO$N,D1,1759104000,5345.0,5346.5,5306.5,5322.0,562863,1,2368855
WDO$N,D1,1759190400,5355.0,5376.0,5346.0,5361.0,569399,1,2511971
WDO$N,D1,1759276800,5347.5,5376.5,5334.0,5368.0,617928,1,2607692
WDO$N,D1,1759363200,5359.5,5413.0,5347.0,5379.0,641728,1,2776049
WDO$N,D1,1759449600,5370.0,5399.0,5361.5,5378.0,641795,1,2642709
WDO$N,D1,1759708800,5382.0,5386.0,5342.0,5343.0,561745,1,2364164
WDO$N,D1,1759795200,5354.5,5391.0,5352.0,5388.0,605258,1,2508026
WDO$N,D1,1759881600,5388.0,5395.0,5360.0,5364.0,608857,1,2520099
WDO$N,D1,1759968000,5360.0,5409.5,5352.5,5406.5,679874,1,2824814
WDO$N,D1,1760054400,5399.5,5560.0,5387.5,5559.5,1191159,1,4832123
WDO$N,D1,1760313600,5520.0,5526.0,5468.0,5484.0,703542,1,2662751
WDO$N,D1,1760400000,5506.0,5543.0,5480.5,5500.5,843164,1,3381941
WDO$N,D1,1760486400,5482.5,5493.5,5454.5,5475.0,639797,1,2573075
WDO$N,D1,1760572800,5470.0,5479.5,5442.0,5473.0,656059,1,2665480
WDO$N,D1,1760659200,5469.5,5479.0,5421.0,5425.0,619904,1,2495003
WDO$N,D1,1760918400,5429.5,5429.5,5383.0,5389.5,483806,1,2026295
WDO$N,D1,1761004800,5404.5,5419.5,5384.0,5402.5,601028,1,2415099
WDO$N,D1,1761091200,5407.5,5426.0,5389.0,5414.0,603208,1,2453178
WDO$N,D1,1761177600,5414.0,5415.0,5389.5,5392.0,446971,1,1897693
WDO$N,D1,1761264000,5397.0,5405.0,5372.0,5395.5,480714,1,1932503
WDO$N,D1,1761523200,5372.5,5393.5,5368.0,5382.0,456812,1,1963477
WDO$N,D1,1761609600,5385.5,5393.5,5358.5,5365.0,466493,1,2076785
WDO$N,D1,1761696000,5367.0,5371.0,5338.0,5359.0,648865,1,2825476
WDO$N,D1,1761782400,5365.5,5398.0,5365.5,5387.5,536440,1,2154879
WDO$N,D1,1761868800,5425.0,5434.5,5406.5,5414.0,534814,1,2476557
WDO$N,D1,1762128000,5409.5,5417.0,5378.0,5396.0,510273,1,2200845
WDO$N,D1,1762214400,5417.5,5443.5,5410.5,5442.5,545318,1,2456917
WDO$N,D1,1762300800,5433.0,5435.5,5382.5,5386.0,525103,1,2242907
WDO$N,D1,1762387200,5380.0,5393.0,5359.5,5378.5,559635,1,2447599
WDO$N,D1,1762473600,5376.0,5390.5,5352.0,5354.5,515516,1,2247343
WDO$N,D1,1762732800,5340.0,5347.0,5308.5,5314.5,453655,1,2137536
WDO$N,D1,1762819200,5313.5,5321.5,5286.0,5295.5,512369,1,2327778
WDO$N,D1,1762905600,5298.5,5322.5,5286.0,5313.0,436085,1,1863429
WDO$N,D1,1762992000,5301.5,5324.5,5292.0,5309.5,557277,1,2457624
WDO$N,D1,1763078400,5325.0,5333.5,5289.0,5313.0,584632,1,2577801
WDO$N,D1,1763337600,5317.0,5348.5,5308.5,5344.0,464628,1,2037333
WDO$N,D1,1763424000,5351.0,5358.5,5328.0,5339.5,535371,1,2151036
WDO$N,D1,1763510400,5336.5,5359.5,5332.5,5338.5,476683,1,2029863
WDO$N,D1,1763683200,5362.5,5443.0,5360.5,5416.5,766243,1,3069380
WDO$N,D1,1763942400,5408.0,5415.0,5386.5,5394.5,510644,1,2158377
WDO$N,D1,1764028800,5392.0,5415.5,5358.5,5385.0,670877,1,2964495
WDO$N,D1,1764115200,5385.0,5392.5,5331.5,5335.5,571834,1,2378873
WDO$N,D1,1764201600,5340.0,5360.5,5330.5,5357.5,326850,1,1294297
WDO$N,D1,1764288000,5388.0,5396.0,5361.5,5371.5,431282,1,2061537
WDO$N,D1,1764547200,5371.5,5400.0,5362.0,5386.0,506358,1,2124629
WDO$N,D1,1764633600,5388.0,5396.5,5360.0,5361.5,482079,1,2051098
WDO$N,D1,1764720000,5350.0,5355.5,5330.0,5341.5,506517,1,2160841
WDO$N,D1,1764806400,5336.0,5347.0,5318.5,5341.0,475266,1,2116923
WDO$N,D1,1764892800,5327.5,5514.5,5326.0,5466.0,1231234,1,4891361
WDO$N,D1,1765152000,5451.5,5495.0,5414.0,5457.5,861506,1,3375962
WDO$N,D1,1765238400,5449.0,5522.0,5446.0,5459.5,848792,1,3300957
WDO$N,D1,1765324800,5449.5,5515.0,5442.5,5497.0,745820,1,2768373
WDO$N,D1,1765411200,5499.5,5500.0,5417.5,5431.5,628339,1,2695334
WDO$N,D1,1765497600,5429.5,5446.0,5399.0,5433.0,663077,1,2742931
WDO$N,D1,1765756800,5420.0,5444.0,5399.0,5433.5,567107,1,2252604
WDO$N,D1,1765843200,5438.5,5540.5,5432.5,5528.5,808465,1,3228804
WDO$N,D1,1765929600,5516.0,5545.0,5498.5,5534.5,774494,1,3080919
WDO$N,D1,1766016000,5519.0,5571.5,5513.5,5534.5,738971,1,3095246
WDO$N,D1,1766102400,5535.0,5560.5,5508.0,5555.0,592812,1,2550784
WDO$N,D1,1766361600,5538.5,5614.0,5525.0,5598.5,735802,1,3005288
WDO$N,D1,1766448000,5588.5,5603.0,5523.0,5528.5,582658,1,2316234
WDO$N,D1,1766707200,5550.0,5570.0,5523.0,5545.5,481917,1,1851215
WDO$N,D1,1766966400,5545.5,5586.0,5543.0,5572.5,513424,1,2046905
WDO$N,D1,1767052800,5604.0,5608.0,5513.0,5519.0,580647,1,2448079
WDO$N,D1,1767312000,5507.0,5508.0,5452.0,5456.0,543481,1,2184871
WDO$N,D1,1767571200,5455.0,5489.5,5431.5,5449.0,588156,1,2297509
WDO$N,D1,1767657600,5449.0,5452.0,5397.5,5409.0,581052,1,2347666
WDO$N,D1,1767744000,5403.0,5434.0,5401.0,5420.5,522790,1,2085241
WDO$N,D1,1767830400,5424.0,5428.5,5406.5,5417.5,479090,1,1834116
WDO$N,D1,1767916800,5428.5,5428.5,5381.5,5402.0,542371,1,2176564
WDO$N,D1,1768176000,5388.0,5413.0,5377.0,5401.5,489893,1,1941708
WDO$N,D1,1768262400,5397.5,5419.0,5388.5,5396.0,526421,1,2171388
WDO$N,D1,1768348800,5393.5,5446.0,5380.0,5419.0,675868,1,2726651
WDO$N,D1,1768435200,5412.0,5423.5,5372.5,5386.5,550725,1,2251502
WDO$N,D1,1768521600,5385.5,5413.0,5381.5,5387.0,408660,1,1719545
WDO$N,D1,1768780800,5397.0,5400.0,5362.5,5387.5,340669,1,1407501
WDO$N,D1,1768867200,5394.0,5424.0,5373.5,5392.0,627233,1,2736964
WDO$N,D1,1768953600,5383.5,5385.5,5326.5,5333.0,636348,1,2780057
WDO$N,D1,1769040000,5327.5,5337.0,5291.0,5298.0,550341,1,2386111
WDO$N,D1,1769126400,5299.0,5314.5,5282.5,5300.0,572323,1,2426247
WDO$N,D1,1769385600,5289.0,5298.0,5268.0,5289.5,488312,1,2105939
WDO$N,D1,1769472000,5282.0,5283.5,5180.0,5183.5,639907,1,3031890
WDO$N,D1,1769558400,5192.0,5228.0,5174.0,5197.0,776059,1,3281264
WDO$N,D1,1769644800,5200.0,5252.5,5167.5,5196.0,892907,1,3378264
WDO$N,D1,1769731200,5239.5,5312.0,5227.0,5290.5,869454,1,3587574
WDO$N,D1,1769990400,5297.5,5312.0,5266.5,5291.5,593034,1,2395475
WDO$N,D1,1770076800,5275.5,5292.5,5235.0,5266.5,667125,1,3033885
WDO$N,D1,1770163200,5268.0,5291.5,5241.5,5268.0,646437,1,2629791
WDO$N,D1,1770249600,5276.0,5314.0,5260.5,5298.5,744992,1,3115354
WDO$N,D1,1770336000,5269.0,5278.5,5228.0,5240.5,640349,1,2738976
WDO$N,D1,1770595200,5230.0,5233.5,5195.0,5216.5,594275,1,2514486
WDO$N,D1,1770681600,5214.0,5231.5,5202.0,5210.0,538465,1,2263631
WDO$N,D1,1770768000,5204.5,5220.5,5185.0,5198.5,597319,1,2615482
WDO$N,D1,1770854400,5194.0,5236.0,5171.0,5229.0,681468,1,3166540
WDO$N,D1,1770940800,5234.0,5264.5,5217.5,5231.0,643693,1,2922785
WDO$N,D1,1771372800,5218.0,5262.5,5205.5,5249.5,324473,1,1660346
WDO$N,D1,1771459200,5260.0,5266.5,5221.5,5223.0,610884,1,3051692
WDO$N,D1,1771545600,5222.5,5233.5,5179.5,5186.0,684924,1,2957696
WDO$N,D1,1771804800,5192.0,5198.0,5145.5,5179.5,616903,1,2887048
WDO$N,D1,1771891200,5179.0,5190.5,5148.0,5161.0,541492,1,2458032
WDO$N,D1,1771977600,5144.0,5172.5,5121.0,5128.0,611674,1,2750721
WDO$N,D1,1772064000,5133.0,5168.5,5123.0,5139.0,633023,1,2628611
WDO$N,D1,1772150400,5180.5,5212.0,5157.0,5170.5,638654,1,2894110
WDO$N,D1,1772409600,5188.5,5255.5,5178.0,5215.0,925449,1,3943373
WDO$N,D1,1772496000,5277.0,5383.5,5270.0,5319.0,1433688,1,5818791
WDO$N,D1,1772582400,5290.0,5295.0,5229.5,5268.0,874209,1,3425284
WDO$N,D1,1772668800,5280.0,5329.0,5262.0,5301.5,1110692,1,4363374
WDO$N,D1,1772755200,5349.0,5354.5,5262.0,5289.0,1097652,1,4309081
WDO$N,D1,1773014400,5312.5,5317.5,5178.0,5197.0,1041907,1,3822645
WDO$N,D1,1773100800,5185.0,5215.5,5158.5,5191.0,856000,1,3264368
WDO$N,D1,1773187200,5192.5,5208.0,5171.5,5180.5,710315,1,2742134
WDO$N,D1,1773273600,5188.5,5287.0,5180.5,5281.0,994716,1,3863165
WDO$N,D1,1773360000,5262.0,5358.5,5237.5,5354.0,967342,1,3784839
WDO$N,D1,1773619200,5304.5,5306.5,5246.0,5252.5,707229,1,2692466
WDO$N,D1,1773705600,5253.0,5261.0,5195.5,5214.5,729454,1,2972020
WDO$N,D1,1773792000,5209.5,5289.5,5199.5,5261.5,826142,1,3273000
WDO$N,D1,1773878400,5256.0,5330.0,5215.5,5239.5,1211025,1,4092678
WDO$N,D1,1773964800,5261.0,5338.0,5246.0,5290.5,1031529,1,3795776
WDO$N,D1,1774224000,5302.0,5325.0,5224.5,5242.0,1194959,1,3816269
WDO$N,D1,1774310400,5262.5,5288.0,5220.5,5243.0,1062013,1,3631319
WDO$N,D1,1774396800,5220.0,5254.5,5210.0,5233.5,797118,1,2883727
WDO$N,D1,1774483200,5256.5,5269.0,5223.5,5242.0,764792,1,2725960
WDO$N,D1,1774569600,5269.0,5283.0,5220.0,5241.5,750884,1,2738802
WDO$N,D1,1774828800,5233.0,5268.5,5224.5,5255.5,698495,1,2477943
WDO$N,D1,1774915200,5260.0,5269.5,5208.0,5211.0,855185,1,3247598
WDO$N,D1,1775001600,5188.0,5209.5,5179.5,5192.0,258983,0,2487404
