ticker,symbol,future,tframe,today,expiry,datetime,time,open,high,low,close,tick_volume,spread,real_volume
WSP,WSPM25,M25,D1,2026-04-06,2025-06-20,2024-12-19,1734566400,6023.0,6023.0,6023.0,6023.0,1,1,30
WSP,WSPM25,M25,D1,2026-04-06,2025-06-20,2024-12-20,1734652800,5964.0,6105.0,5964.0,6105.0,5,1,44
WSP,WSPM25,M25,D1,2026-04-06,2025-06-20,2024-12-23,1734912000,6054.25,6054.25,6031.0,6035.25,6,1,120
WSP,WSPM25,M25,D1,2026-04-06,2025-06-20,2024-12-26,1735171200,6158.25,6163.25,6158.25,6163.25,2,1,4
WSP,WSPM25,M25,D1,2026-04-06,2025-06-20,2024-12-27,1735257600,6018.5,6066.75,6018.5,6066.75,4,1,8
WSP,WSPM25,M25,D1,2026-04-06,2025-06-20,2024-12-30,1735516800,6036.25,6047.0,6027.75,6027.75,14,1,38
WSP,WSPM25,M25,D1,2026-04-06,2025-06-20,2025-01-02,1735776000,6054.5,6055.0,5941.0,5972.25,143,1,166
WSP,WSPM25,M25,D1,2026-04-06,2025-06-20,2025-01-06,1736121600,6077.0,6080.0,6077.0,6080.0,2,1,2
WSP,WSPM25,M25,D1,2026-04-06,2025-06-20,2025-01-07,1736208000,6040.0,6040.0,6004.75,6007.5,5,1,61
WSP,WSPM25,M25,D1,2026-04-06,2025-06-20,2025-01-08,1736294400,5994.0,6022.0,5984.75,6022.0,19,1,92
WSP,WSPM25,M25,D1,2026-04-06,2025-06-20,2025-01-10,1736467200,6009.25,6009.25,5915.0,5938.0,31,1,191
WSP,WSPM25,M25,D1,2026-04-06,2025-06-20,2025-01-13,1736726400,5870.0,5915.0,5870.0,5915.0,3,1,3
WSP,WSPM25,M25,D1,2026-04-06,2025-06-20,2025-01-14,1736812800,5935.0,5945.75,5931.5,5931.5,3,1,6
WSP,WSPM25,M25,D1,2026-04-06,2025-06-20,2025-01-15,1736899200,6046.25,6046.5,6046.25,6046.5,2,1,2
WSP,WSPM25,M25,D1,2026-04-06,2025-06-20,2025-01-17,1737072000,6085.5,6109.5,6083.0,6102.5,17,1,41
WSP,WSPM25,M25,D1,2026-04-06,2025-06-20,2025-01-20,1737331200,6088.0,6126.0,6085.5,6115.25,53,1,199
WSP,WSPM25,M25,D1,2026-04-06,2025-06-20,2025-01-21,1737417600,6117.0,6143.0,6116.0,6143.0,30,1,69
WSP,WSPM25,M25,D1,2026-04-06,2025-06-20,2025-01-22,1737504000,6180.0,6191.0,6178.5,6188.75,16,1,89
WSP,WSPM25,M25,D1,2026-04-06,2025-06-20,2025-01-23,1737590400,6175.0,6213.25,6174.0,6213.25,43,1,163
WSP,WSPM25,M25,D1,2026-04-06,2025-06-20,2025-01-24,1737676800,6253.25,6256.5,6189.25,6189.5,26,1,94
WSP,WSPM25,M25,D1,2026-04-06,2025-06-20,2025-01-27,1737936000,6030.0,6088.0,6030.0,6076.5,19,1,65
WSP,WSPM25,M25,D1,2026-04-06,2025-06-20,2025-01-28,1738022400,6108.0,6152.0,6094.0,6152.0,25,1,59
WSP,WSPM25,M25,D1,2026-04-06,2025-06-20,2025-01-29,1738108800,6115.25,6145.0,6115.25,6135.25,18,1,21
WSP,WSPM25,M25,D1,2026-04-06,2025-06-20,2025-01-30,1738195200,6148.0,6166.0,6133.0,6159.5,13,1,13
WSP,WSPM25,M25,D1,2026-04-06,2025-06-20,2025-01-31,1738281600,6189.0,6206.0,6127.75,6127.75,10,1,13
WSP,WSPM25,M25,D1,2026-04-06,2025-06-20,2025-02-03,1738540800,6036.25,6106.0,6022.0,6090.0,25,1,38
WSP,WSPM25,M25,D1,2026-04-06,2025-06-20,2025-02-04,1738627200,6080.5,6115.0,6080.5,6115.0,5,1,11
WSP,WSPM25,M25,D1,2026-04-06,2025-06-20,2025-02-05,1738713600,6115.0,6140.0,6115.0,6140.0,6,1,9
WSP,WSPM25,M25,D1,2026-04-06,2025-06-20,2025-02-06,1738800000,6156.0,6166.0,6156.0,6166.0,2,1,2
WSP,WSPM25,M25,D1,2026-04-06,2025-06-20,2025-02-07,1738886400,6123.0,6128.75,6114.0,6120.5,4,1,9
WSP,WSPM25,M25,D1,2026-04-06,2025-06-20,2025-02-10,1739145600,6132.5,6152.0,6132.5,6149.0,4,1,15
WSP,WSPM25,M25,D1,2026-04-06,2025-06-20,2025-02-11,1739232000,6128.5,6156.0,6128.5,6156.0,4,1,13
WSP,WSPM25,M25,D1,2026-04-06,2025-06-20,2025-02-12,1739318400,6117.0,6138.75,6089.0,6132.0,10,1,44
WSP,WSPM25,M25,D1,2026-04-06,2025-06-20,2025-02-13,1739404800,6160.0,6197.25,6160.0,6197.25,13,1,21
WSP,WSPM25,M25,D1,2026-04-06,2025-06-20,2025-02-14,1739491200,6189.0,6204.75,6188.0,6193.5,16,1,28
WSP,WSPM25,M25,D1,2026-04-06,2025-06-20,2025-02-17,1739750400,6206.5,6211.0,6206.5,6211.0,2,1,2
WSP,WSPM25,M25,D1,2026-04-06,2025-06-20,2025-02-18,1739836800,6213.5,6219.5,6187.75,6202.75,14,1,17
WSP,WSPM25,M25,D1,2026-04-06,2025-06-20,2025-02-19,1739923200,6200.75,6226.0,6195.5,6220.5,18,1,147
WSP,WSPM25,M25,D1,2026-04-06,2025-06-20,2025-02-20,1740009600,6209.75,6211.25,6168.25,6197.0,41,1,65
WSP,WSPM25,M25,D1,2026-04-06,2025-06-20,2025-02-21,1740096000,6200.5,6204.0,6090.0,6091.0,39,1,130
WSP,WSPM25,M25,D1,2026-04-06,2025-06-20,2025-02-24,1740355200,6115.0,6115.0,6063.25,6078.0,28,1,168
WSP,WSPM25,M25,D1,2026-04-06,2025-06-20,2025-02-25,1740441600,6001.0,6051.5,5990.0,6030.5,26,1,172
WSP,WSPM25,M25,D1,2026-04-06,2025-06-20,2025-02-26,1740528000,6049.0,6082.0,6019.0,6019.0,10,1,34
WSP,WSPM25,M25,D1,2026-04-06,2025-06-20,2025-02-27,1740614400,6071.5,6071.5,5938.0,5938.0,162,1,494
WSP,WSPM25,M25,D1,2026-04-06,2025-06-20,2025-02-28,1740700800,5949.75,6027.75,5910.0,6027.75,68,1,98
WSP,WSPM25,M25,D1,2026-04-06,2025-06-20,2025-03-05,1741132800,5896.5,5922.25,5810.75,5920.25,260,1,734
WSP,WSPM25,M25,D1,2026-04-06,2025-06-20,2025-03-06,1741219200,5858.75,5871.0,5778.25,5810.0,99,1,406
WSP,WSPM25,M25,D1,2026-04-06,2025-06-20,2025-03-07,1741305600,5822.5,5840.75,5730.0,5826.75,146,1,322
WSP,WSPM25,M25,D1,2026-04-06,2025-06-20,2025-03-10,1741564800,5760.0,5766.0,5635.5,5682.75,160,1,729
WSP,WSPM25,M25,D1,2026-04-06,2025-06-20,2025-03-11,1741651200,5697.75,5700.5,5589.0,5633.0,512,1,1057
WSP,WSPM25,M25,D1,2026-04-06,2025-06-20,2025-03-12,1741737600,5668.75,5724.5,5609.5,5652.5,285,1,574
WSP,WSPM25,M25,D1,2026-04-06,2025-06-20,2025-03-13,1741824000,5645.0,5657.25,5566.5,5592.0,338,1,762
WSP,WSPM25,M25,D1,2026-04-06,2025-06-20,2025-03-14,1741910400,5631.0,5701.5,5624.0,5682.75,124,1,514
WSP,WSPM25,M25,D1,2026-04-06,2025-06-20,2025-03-17,1742169600,5683.75,5761.0,5675.0,5736.25,311,1,3205
WSP,WSPM25,M25,D1,2026-04-06,2025-06-20,2025-03-18,1742256000,5725.0,5725.0,5650.0,5674.75,398,1,4315
WSP,WSPM25,M25,D1,2026-04-06,2025-06-20,2025-03-19,1742342400,5686.5,5775.0,5680.0,5735.25,1663,1,7597
WSP,WSPM25,M25,D1,2026-04-06,2025-06-20,2025-03-20,1742428800,5714.0,5771.0,5691.25,5729.25,3335,1,13166
WSP,WSPM25,M25,D1,2026-04-06,2025-06-20,2025-03-21,1742515200,5702.5,5727.0,5656.75,5727.0,12915,1,30003
WSP,WSPM25,M25,D1,2026-04-06,2025-06-20,2025-03-24,1742774400,5784.5,5829.75,5780.25,5818.0,9789,1,29141
WSP,WSPM25,M25,D1,2026-04-06,2025-06-20,2025-03-25,1742860800,5832.75,5842.0,5815.0,5837.25,6970,1,17475
WSP,WSPM25,M25,D1,2026-04-06,2025-06-20,2025-03-26,1742947200,5831.5,5839.25,5748.5,5755.0,9916,1,27377
WSP,WSPM25,M25,D1,2026-04-06,2025-06-20,2025-03-27,1743033600,5763.75,5784.0,5725.5,5747.5,10366,1,25970
WSP,WSPM25,M25,D1,2026-04-06,2025-06-20,2025-03-28,1743120000,5736.75,5739.0,5608.25,5608.25,12339,1,38773
WSP,WSPM25,M25,D1,2026-04-06,2025-06-20,2025-03-31,1743379200,5568.75,5677.5,5539.75,5648.75,13506,1,38779
WSP,WSPM25,M25,D1,2026-04-06,2025-06-20,2025-04-01,1743465600,5631.25,5698.75,5606.0,5680.25,11047,1,34997
WSP,WSPM25,M25,D1,2026-04-06,2025-06-20,2025-04-02,1743552000,5640.0,5776.5,5571.5,5584.25,18108,1,52036
WSP,WSPM25,M25,D1,2026-04-06,2025-06-20,2025-04-03,1743638400,5525.0,5545.0,5420.5,5424.25,21401,1,59618
WSP,WSPM25,M25,D1,2026-04-06,2025-06-20,2025-04-04,1743724800,5280.0,5325.5,5079.25,5099.75,45643,1,126275
WSP,WSPM25,M25,D1,2026-04-06,2025-06-20,2025-04-07,1743984000,4997.25,5288.5,4871.75,5128.0,34296,1,95824
WSP,WSPM25,M25,D1,2026-04-06,2025-06-20,2025-04-08,1744070400,5228.0,5305.75,4943.25,5017.75,40843,1,110427
WSP,WSPM25,M25,D1,2026-04-06,2025-06-20,2025-04-09,1744156800,4938.5,5520.0,4912.25,5515.0,31419,1,92315
WSP,WSPM25,M25,D1,2026-04-06,2025-06-20,2025-04-10,1744243200,5410.0,5423.25,5149.75,5305.5,40241,1,107507
WSP,WSPM25,M25,D1,2026-04-06,2025-06-20,2025-04-11,1744329600,5325.25,5417.75,5252.25,5390.5,31697,1,82052
WSP,WSPM25,M25,D1,2026-04-06,2025-06-20,2025-04-14,1744588800,5456.5,5497.5,5392.0,5431.0,15939,1,41020
WSP,WSPM25,M25,D1,2026-04-06,2025-06-20,2025-04-15,1744675200,5423.75,5485.0,5414.5,5424.25,12853,1,31176
WSP,WSPM25,M25,D1,2026-04-06,2025-06-20,2025-04-16,1744761600,5389.75,5401.25,5252.5,5307.75,18617,1,47288
WSP,WSPM25,M25,D1,2026-04-06,2025-06-20,2025-04-17,1744848000,5329.0,5360.5,5286.25,5326.25,12923,1,36290
WSP,WSPM25,M25,D1,2026-04-06,2025-06-20,2025-04-22,1745280000,5225.0,5339.0,5218.75,5314.75,17985,1,52835
WSP,WSPM25,M25,D1,2026-04-06,2025-06-20,2025-04-23,1745366400,5432.75,5499.25,5384.25,5417.0,25648,1,72517
WSP,WSPM25,M25,D1,2026-04-06,2025-06-20,2025-04-24,1745452800,5390.0,5540.5,5383.75,5523.0,16637,1,43873
WSP,WSPM25,M25,D1,2026-04-06,2025-06-20,2025-04-25,1745539200,5500.75,5562.75,5481.0,5555.0,16481,1,42568
WSP,WSPM25,M25,D1,2026-04-06,2025-06-20,2025-04-28,1745798400,5546.75,5578.75,5492.75,5545.0,12674,1,34254
WSP,WSPM25,M25,D1,2026-04-06,2025-06-20,2025-04-29,1745884800,5550.0,5597.25,5522.0,5585.5,12533,1,38195
WSP,WSPM25,M25,D1,2026-04-06,2025-06-20,2025-04-30,1745971200,5567.5,5626.75,5456.5,5624.0,21978,1,70395
WSP,WSPM25,M25,D1,2026-04-06,2025-06-20,2025-05-02,1746144000,5643.0,5724.75,5641.25,5710.5,13464,1,50743
WSP,WSPM25,M25,D1,2026-04-06,2025-06-20,2025-05-05,1746403200,5664.0,5706.25,5656.5,5668.0,9200,1,22688
WSP,WSPM25,M25,D1,2026-04-06,2025-06-20,2025-05-06,1746489600,5626.0,5672.0,5605.75,5618.5,10911,1,31951
WSP,WSPM25,M25,D1,2026-04-06,2025-06-20,2025-05-07,1746576000,5659.0,5676.5,5597.5,5647.0,15482,1,45440
WSP,WSPM25,M25,D1,2026-04-06,2025-06-20,2025-05-08,1746662400,5700.25,5740.25,5653.0,5688.25,14328,1,41169
WSP,WSPM25,M25,D1,2026-04-06,2025-06-20,2025-05-09,1746748800,5697.0,5711.0,5663.75,5683.0,9348,1,26003
WSP,WSPM25,M25,D1,2026-04-06,2025-06-20,2025-05-12,1747008000,5847.5,5875.5,5806.5,5868.75,11125,1,34337
WSP,WSPM25,M25,D1,2026-04-06,2025-06-20,2025-05-13,1747094400,5858.0,5926.75,5854.25,5905.0,10954,1,34695
WSP,WSPM25,M25,D1,2026-04-06,2025-06-20,2025-05-14,1747180800,5914.0,5925.25,5891.25,5902.25,10744,1,32591
WSP,WSPM25,M25,D1,2026-04-06,2025-06-20,2025-05-15,1747267200,5885.0,5944.0,5878.75,5938.5,9832,1,30238
WSP,WSPM25,M25,D1,2026-04-06,2025-06-20,2025-05-16,1747353600,5953.0,5978.0,5925.0,5947.75,8317,1,22886
WSP,WSPM25,M25,D1,2026-04-06,2025-06-20,2025-05-19,1747612800,5917.75,5987.25,5903.0,5982.0,10475,1,32493
WSP,WSPM25,M25,D1,2026-04-06,2025-06-20,2025-05-20,1747699200,5972.0,5973.75,5927.75,5956.5,8998,1,29510
WSP,WSPM25,M25,D1,2026-04-06,2025-06-20,2025-05-21,1747785600,5932.75,5956.0,5849.25,5859.0,14640,1,53282
WSP,WSPM25,M25,D1,2026-04-06,2025-06-20,2025-05-22,1747872000,5842.0,5895.25,5829.5,5861.0,10521,1,30995
WSP,WSPM25,M25,D1,2026-04-06,2025-06-20,2025-05-23,1747958400,5776.0,5843.5,5758.75,5814.0,17667,1,52765
WSP,WSPM25,M25,D1,2026-04-06,2025-06-20,2025-05-26,1748217600,5889.25,5900.0,5871.5,5892.25,2410,1,6432
WSP,WSPM25,M25,D1,2026-04-06,2025-06-20,2025-05-27,1748304000,5900.0,5944.0,5869.25,5944.0,7347,1,20614
WSP,WSPM25,M25,D1,2026-04-06,2025-06-20,2025-05-28,1748390400,5940.25,5952.75,5889.75,5930.25,9005,1,32052
WSP,WSPM25,M25,D1,2026-04-06,2025-06-20,2025-05-29,1748476800,5951.5,5959.25,5884.75,5920.0,9431,1,33982
WSP,WSPM25,M25,D1,2026-04-06,2025-06-20,2025-05-30,1748563200,5915.0,5932.25,5854.25,5919.25,11058,1,32059
WSP,WSPM25,M25,D1,2026-04-06,2025-06-20,2025-06-02,1748822400,5893.5,5956.25,5870.75,5949.75,7737,1,26601
WSP,WSPM25,M25,D1,2026-04-06,2025-06-20,2025-06-03,1748908800,5940.0,5991.25,5936.0,5980.75,5951,1,23714
WSP,WSPM25,M25,D1,2026-04-06,2025-06-20,2025-06-04,1748995200,5993.0,5999.5,5975.0,5977.25,6028,1,19552
WSP,WSPM25,M25,D1,2026-04-06,2025-06-20,2025-06-05,1749081600,5980.0,6015.0,5929.5,5942.5,10539,1,35943
WSP,WSPM25,M25,D1,2026-04-06,2025-06-20,2025-06-06,1749168000,5968.0,6024.75,5967.5,6011.0,9023,1,31375
WSP,WSPM25,M25,D1,2026-04-06,2025-06-20,2025-06-09,1749427200,6016.25,6028.0,6000.5,6021.5,4751,1,18058
WSP,WSPM25,M25,D1,2026-04-06,2025-06-20,2025-06-10,1749513600,6018.0,6048.75,6004.75,6041.25,7390,1,24013
WSP,WSPM25,M25,D1,2026-04-06,2025-06-20,2025-06-11,1749600000,6038.5,6074.0,6007.5,6023.5,11527,1,38624
WSP,WSPM25,M25,D1,2026-04-06,2025-06-20,2025-06-12,1749686400,5993.25,6055.5,5991.25,6046.5,7985,1,24650
WSP,WSPM25,M25,D1,2026-04-06,2025-06-20,2025-06-13,1749772800,5998.25,6029.25,5966.5,5985.5,14844,1,54937
WSP,WSPM25,M25,D1,2026-04-06,2025-06-20,2025-06-16,1750032000,6018.0,6055.25,6013.5,6038.25,8378,1,23903
WSP,WSPM25,M25,D1,2026-04-06,2025-06-20,2025-06-17,1750118400,6016.0,6026.75,5976.75,5981.75,8599,1,18578
WSP,WSPM25,M25,D1,2026-04-06,2025-06-20,2025-06-18,1750204800,5993.5,6020.5,5970.0,5983.75,8170,1,18730
WSP,WSPM25,M25,D1,2026-04-06,2025-06-20,2025-06-20,1750377600,5992.0,6017.5,5985.25,6013.5,136,1,711
WSP,WSPU25,U25,D1,2026-04-06,2025-09-19,2025-03-11,1741651200,5719.75,5719.75,5719.75,5719.75,1,1,1
WSP,WSPU25,U25,D1,2026-04-06,2025-09-19,2025-03-20,1742428800,5778.0,5799.0,5771.0,5771.0,3,1,21
WSP,WSPU25,U25,D1,2026-04-06,2025-09-19,2025-03-21,1742515200,5771.0,5773.5,5770.0,5770.0,3,1,23
WSP,WSPU25,U25,D1,2026-04-06,2025-09-19,2025-03-26,1742947200,5816.0,5816.0,5816.0,5816.0,1,1,8
WSP,WSPU25,U25,D1,2026-04-06,2025-09-19,2025-03-28,1743120000,5774.25,5774.25,5774.25,5774.25,1,1,1
WSP,WSPU25,U25,D1,2026-04-06,2025-09-19,2025-03-31,1743379200,5618.75,5705.0,5618.75,5699.0,33,1,182
WSP,WSPU25,U25,D1,2026-04-06,2025-09-19,2025-04-02,1743552000,5650.0,5650.0,5632.0,5632.0,4,1,30
WSP,WSPU25,U25,D1,2026-04-06,2025-09-19,2025-04-03,1743638400,5559.5,5559.5,5491.75,5492.0,46,1,107
WSP,WSPU25,U25,D1,2026-04-06,2025-09-19,2025-04-10,1744243200,5351.75,5375.0,5351.75,5362.75,20,1,80
WSP,WSPU25,U25,D1,2026-04-06,2025-09-19,2025-04-11,1744329600,5440.25,5443.25,5440.25,5443.25,6,1,23
WSP,WSPU25,U25,D1,2026-04-06,2025-09-19,2025-04-22,1745280000,5335.0,5360.75,5322.75,5360.75,53,1,272
WSP,WSPU25,U25,D1,2026-04-06,2025-09-19,2025-04-24,1745452800,5550.0,5570.0,5550.0,5570.0,6,1,50
WSP,WSPU25,U25,D1,2026-04-06,2025-09-19,2025-04-28,1745798400,5600.0,5625.0,5591.75,5593.0,13,1,38
WSP,WSPU25,U25,D1,2026-04-06,2025-09-19,2025-04-29,1745884800,5610.0,5639.5,5601.75,5639.5,69,1,172
WSP,WSPU25,U25,D1,2026-04-06,2025-09-19,2025-04-30,1745971200,5521.25,5650.0,5521.25,5650.0,17,1,38
WSP,WSPU25,U25,D1,2026-04-06,2025-09-19,2025-05-02,1746144000,5750.0,5768.75,5743.25,5758.0,51,1,253
WSP,WSPU25,U25,D1,2026-04-06,2025-09-19,2025-05-07,1746576000,5694.0,5709.25,5648.0,5698.5,160,1,621
WSP,WSPU25,U25,D1,2026-04-06,2025-09-19,2025-05-08,1746662400,5750.0,5780.5,5750.0,5780.5,23,1,50
WSP,WSPU25,U25,D1,2026-04-06,2025-09-19,2025-05-13,1747094400,5966.0,5969.0,5966.0,5969.0,2,1,2
WSP,WSPU25,U25,D1,2026-04-06,2025-09-19,2025-05-16,1747353600,6014.75,6021.0,6014.75,6021.0,8,1,10
WSP,WSPU25,U25,D1,2026-04-06,2025-09-19,2025-05-19,1747612800,5971.75,5972.0,5970.5,5970.5,7,1,9
WSP,WSPU25,U25,D1,2026-04-06,2025-09-19,2025-05-20,1747699200,5995.25,6010.0,5991.0,6010.0,9,1,10
WSP,WSPU25,U25,D1,2026-04-06,2025-09-19,2025-05-21,1747785600,5981.0,5981.0,5980.0,5980.0,6,1,6
WSP,WSPU25,U25,D1,2026-04-06,2025-09-19,2025-05-22,1747872000,5918.75,5919.0,5918.75,5919.0,2,1,2
WSP,WSPU25,U25,D1,2026-04-06,2025-09-19,2025-05-28,1748390400,5997.0,5997.0,5956.0,5956.0,2,1,2
WSP,WSPU25,U25,D1,2026-04-06,2025-09-19,2025-05-29,1748476800,6009.0,6009.0,6009.0,6009.0,1,1,1
WSP,WSPU25,U25,D1,2026-04-06,2025-09-19,2025-05-30,1748563200,5970.25,5970.25,5968.25,5968.25,4,1,4
WSP,WSPU25,U25,D1,2026-04-06,2025-09-19,2025-06-02,1748822400,5968.0,6000.0,5959.75,6000.0,108,1,564
WSP,WSPU25,U25,D1,2026-04-06,2025-09-19,2025-06-03,1748908800,5995.0,6039.0,5995.0,6038.25,5,1,17
WSP,WSPU25,U25,D1,2026-04-06,2025-09-19,2025-06-04,1748995200,6049.25,6051.0,6035.25,6042.25,14,1,147
WSP,WSPU25,U25,D1,2026-04-06,2025-09-19,2025-06-05,1749081600,6052.25,6058.5,5986.0,6009.0,19,1,28
WSP,WSPU25,U25,D1,2026-04-06,2025-09-19,2025-06-06,1749168000,6030.25,6065.0,6030.25,6054.0,5,1,7
WSP,WSPU25,U25,D1,2026-04-06,2025-09-19,2025-06-09,1749427200,6059.0,6079.0,6059.0,6078.0,5,1,8
WSP,WSPU25,U25,D1,2026-04-06,2025-09-19,2025-06-10,1749513600,6070.5,6100.0,6061.0,6095.0,6,1,12
WSP,WSPU25,U25,D1,2026-04-06,2025-09-19,2025-06-11,1749600000,6090.5,6119.0,6068.0,6068.25,23,1,29
WSP,WSPU25,U25,D1,2026-04-06,2025-09-19,2025-06-12,1749686400,6070.0,6107.0,6056.0,6095.0,94,1,367
WSP,WSPU25,U25,D1,2026-04-06,2025-09-19,2025-06-13,1749772800,6048.0,6084.0,6023.75,6039.0,123,1,1113
WSP,WSPU25,U25,D1,2026-04-06,2025-09-19,2025-06-16,1750032000,6072.0,6111.5,6070.0,6099.25,1265,1,4699
WSP,WSPU25,U25,D1,2026-04-06,2025-09-19,2025-06-17,1750118400,6075.75,6085.0,6036.5,6039.25,1080,1,2857
WSP,WSPU25,U25,D1,2026-04-06,2025-09-19,2025-06-18,1750204800,6050.0,6078.75,6033.25,6043.75,2289,1,10845
WSP,WSPU25,U25,D1,2026-04-06,2025-09-19,2025-06-20,1750377600,6038.0,6074.5,6008.0,6025.25,8238,1,28616
WSP,WSPU25,U25,D1,2026-04-06,2025-09-19,2025-06-23,1750636800,6017.5,6085.5,5998.0,6081.5,16446,1,55034
WSP,WSPU25,U25,D1,2026-04-06,2025-09-19,2025-06-24,1750723200,6123.75,6158.0,6113.25,6147.25,8290,1,33636
WSP,WSPU25,U25,D1,2026-04-06,2025-09-19,2025-06-25,1750809600,6157.75,6162.5,6134.25,6145.5,4733,1,15914
WSP,WSPU25,U25,D1,2026-04-06,2025-09-19,2025-06-26,1750896000,6167.5,6202.75,6161.0,6199.5,6382,1,19925
WSP,WSPU25,U25,D1,2026-04-06,2025-09-19,2025-06-27,1750982400,6220.0,6241.25,6186.75,6220.0,10016,1,35963
WSP,WSPU25,U25,D1,2026-04-06,2025-09-19,2025-06-30,1751241600,6250.75,6267.25,6226.75,6250.5,6906,1,24114
WSP,WSPU25,U25,D1,2026-04-06,2025-09-19,2025-07-01,1751328000,6243.25,6263.75,6230.25,6250.0,6362,1,18659
WSP,WSPU25,U25,D1,2026-04-06,2025-09-19,2025-07-02,1751414400,6253.75,6282.0,6238.0,6281.0,4753,1,13493
WSP,WSPU25,U25,D1,2026-04-06,2025-09-19,2025-07-03,1751500800,6282.0,6357.0,6280.5,6332.5,6727,1,20351
WSP,WSPU25,U25,D1,2026-04-06,2025-09-19,2025-07-04,1751587200,6290.5,6299.5,6281.0,6298.5,2352,1,5608
WSP,WSPU25,U25,D1,2026-04-06,2025-09-19,2025-07-07,1751846400,6311.5,6317.5,6249.5,6265.0,7879,1,19894
WSP,WSPU25,U25,D1,2026-04-06,2025-09-19,2025-07-08,1751932800,6283.25,6290.75,6264.75,6272.5,4835,1,12982
WSP,WSPU25,U25,D1,2026-04-06,2025-09-19,2025-07-09,1752019200,6282.25,6317.25,6278.75,6312.75,5048,1,12607
WSP,WSPU25,U25,D1,2026-04-06,2025-09-19,2025-07-10,1752105600,6309.25,6337.0,6297.75,6322.25,3851,1,13349
WSP,WSPU25,U25,D1,2026-04-06,2025-09-19,2025-07-11,1752192000,6295.0,6314.75,6281.0,6297.5,3970,1,11455
WSP,WSPU25,U25,D1,2026-04-06,2025-09-19,2025-07-14,1752451200,6286.0,6316.25,6281.5,6309.25,3957,1,12701
WSP,WSPU25,U25,D1,2026-04-06,2025-09-19,2025-07-15,1752537600,6335.0,6343.5,6274.0,6275.0,5006,1,12103
WSP,WSPU25,U25,D1,2026-04-06,2025-09-19,2025-07-16,1752624000,6283.5,6309.75,6244.0,6299.0,7480,1,20262
WSP,WSPU25,U25,D1,2026-04-06,2025-09-19,2025-07-17,1752710400,6299.5,6351.25,6299.5,6351.25,4277,1,11972
WSP,WSPU25,U25,D1,2026-04-06,2025-09-19,2025-07-18,1752796800,6347.0,6354.5,6325.0,6338.5,4152,1,9852
WSP,WSPU25,U25,D1,2026-04-06,2025-09-19,2025-07-21,1753056000,6346.5,6398.25,6341.5,6352.75,3776,1,11367
WSP,WSPU25,U25,D1,2026-04-06,2025-09-19,2025-07-22,1753142400,6347.75,6355.0,6320.75,6350.5,4377,1,12737
WSP,WSPU25,U25,D1,2026-04-06,2025-09-19,2025-07-23,1753228800,6370.0,6409.25,6355.25,6408.0,5313,1,15154
WSP,WSPU25,U25,D1,2026-04-06,2025-09-19,2025-07-24,1753315200,6404.5,6418.75,6393.25,6409.0,4449,1,12440
WSP,WSPU25,U25,D1,2026-04-06,2025-09-19,2025-07-25,1753401600,6407.5,6432.5,6403.25,6429.75,3542,1,11211
WSP,WSPU25,U25,D1,2026-04-06,2025-09-19,2025-07-28,1753660800,6436.0,6441.5,6411.25,6427.5,3615,1,10008
WSP,WSPU25,U25,D1,2026-04-06,2025-09-19,2025-07-29,1753747200,6437.0,6441.25,6398.25,6406.5,4489,1,12688
WSP,WSPU25,U25,D1,2026-04-06,2025-09-19,2025-07-30,1753833600,6415.5,6436.5,6368.5,6427.0,7592,1,17379
WSP,WSPU25,U25,D1,2026-04-06,2025-09-19,2025-07-31,1753920000,6452.0,6459.25,6360.75,6370.75,8911,1,23985
WSP,WSPU25,U25,D1,2026-04-06,2025-09-19,2025-08-01,1754006400,6318.5,6332.0,6241.5,6269.75,13056,1,40850
WSP,WSPU25,U25,D1,2026-04-06,2025-09-19,2025-08-04,1754265600,6296.0,6371.0,6296.0,6371.0,5983,1,18534
WSP,WSPU25,U25,D1,2026-04-06,2025-09-19,2025-08-05,1754352000,6374.25,6378.75,6318.0,6332.0,7301,1,18969
WSP,WSPU25,U25,D1,2026-04-06,2025-09-19,2025-08-06,1754438400,6339.5,6381.0,6328.25,6373.0,5470,1,15075
WSP,WSPU25,U25,D1,2026-04-06,2025-09-19,2025-08-07,1754524800,6407.0,6416.5,6337.25,6368.75,10819,1,22627
WSP,WSPU25,U25,D1,2026-04-06,2025-09-19,2025-08-08,1754611200,6389.0,6427.5,6378.25,6425.0,5592,1,16806
WSP,WSPU25,U25,D1,2026-04-06,2025-09-19,2025-08-11,1754870400,6424.5,6433.0,6389.75,6396.25,5178,1,12117
WSP,WSPU25,U25,D1,2026-04-06,2025-09-19,2025-08-12,1754956800,6400.0,6471.5,6399.0,6470.0,7967,1,26538
WSP,WSPU25,U25,D1,2026-04-06,2025-09-19,2025-08-13,1755043200,6482.75,6503.5,6469.0,6488.75,5577,1,14765
WSP,WSPU25,U25,D1,2026-04-06,2025-09-19,2025-08-14,1755129600,6491.0,6497.25,6454.5,6488.0,6533,1,18859
WSP,WSPU25,U25,D1,2026-04-06,2025-09-19,2025-08-15,1755216000,6500.5,6502.0,6463.5,6468.5,4593,1,11561
WSP,WSPU25,U25,D1,2026-04-06,2025-09-19,2025-08-18,1755475200,6465.0,6476.75,6459.0,6468.25,3288,1,8082
WSP,WSPU25,U25,D1,2026-04-06,2025-09-19,2025-08-19,1755561600,6469.0,6477.25,6421.0,6434.25,4651,1,11237
WSP,WSPU25,U25,D1,2026-04-06,2025-09-19,2025-08-20,1755648000,6429.5,6431.5,6364.25,6414.75,8169,1,23478
WSP,WSPU25,U25,D1,2026-04-06,2025-09-19,2025-08-21,1755734400,6399.5,6413.75,6372.0,6387.0,5526,1,15519
WSP,WSPU25,U25,D1,2026-04-06,2025-09-19,2025-08-22,1755820800,6400.0,6497.25,6398.75,6486.75,7010,1,23699
WSP,WSPU25,U25,D1,2026-04-06,2025-09-19,2025-08-25,1756080000,6470.25,6484.0,6455.0,6459.75,3059,1,8594
WSP,WSPU25,U25,D1,2026-04-06,2025-09-19,2025-08-26,1756166400,6450.75,6488.75,6444.75,6486.75,3865,1,10953
WSP,WSPU25,U25,D1,2026-04-06,2025-09-19,2025-08-27,1756252800,6486.75,6507.5,6461.5,6483.0,4670,1,13149
WSP,WSPU25,U25,D1,2026-04-06,2025-09-19,2025-08-28,1756339200,6495.25,6523.5,6482.0,6519.75,4138,1,15574
WSP,WSPU25,U25,D1,2026-04-06,2025-09-19,2025-08-29,1756425600,6497.75,6506.0,6457.5,6475.75,3866,1,12330
WSP,WSPU25,U25,D1,2026-04-06,2025-09-19,2025-09-01,1756684800,6473.75,6484.75,6458.75,6465.5,1127,1,1522
WSP,WSPU25,U25,D1,2026-04-06,2025-09-19,2025-09-02,1756771200,6422.0,6449.75,6373.0,6449.75,6841,1,26242
WSP,WSPU25,U25,D1,2026-04-06,2025-09-19,2025-09-03,1756857600,6451.5,6465.0,6427.5,6461.25,4640,1,13002
WSP,WSPU25,U25,D1,2026-04-06,2025-09-19,2025-09-04,1756944000,6467.0,6517.0,6456.75,6515.0,5528,1,15068
WSP,WSPU25,U25,D1,2026-04-06,2025-09-19,2025-09-05,1757030400,6519.5,6541.5,6453.0,6490.0,8967,1,23921
WSP,WSPU25,U25,D1,2026-04-06,2025-09-19,2025-09-08,1757289600,6503.75,6522.5,6490.75,6508.0,5050,1,13121
WSP,WSPU25,U25,D1,2026-04-06,2025-09-19,2025-09-09,1757376000,6513.75,6535.75,6489.5,6532.0,5456,1,13968
WSP,WSPU25,U25,D1,2026-04-06,2025-09-19,2025-09-10,1757462400,6543.0,6565.5,6523.5,6541.5,6306,1,16730
WSP,WSPU25,U25,D1,2026-04-06,2025-09-19,2025-09-11,1757548800,6550.0,6599.75,6537.25,6594.0,6343,1,19206
WSP,WSPU25,U25,D1,2026-04-06,2025-09-19,2025-09-12,1757635200,6589.0,6615.25,6583.75,6592.5,3884,1,10110
WSP,WSPU25,U25,D1,2026-04-06,2025-09-19,2025-09-15,1757894400,6603.75,6623.5,6600.5,6619.25,4986,1,12254
WSP,WSPU25,U25,D1,2026-04-06,2025-09-19,2025-09-16,1757980800,6629.75,6632.0,6604.5,6619.0,4564,1,11217
WSP,WSPU25,U25,D1,2026-04-06,2025-09-19,2025-09-17,1758067200,6606.75,6628.5,6555.0,6606.0,11213,1,25956
WSP,WSPU25,U25,D1,2026-04-06,2025-09-19,2025-09-18,1758153600,6647.0,6659.0,6612.5,6641.75,7280,1,17366
WSP,WSPU25,U25,D1,2026-04-06,2025-09-19,2025-09-19,1758240000,6641.75,6658.0,6641.75,6658.0,283,1,1213
WSP,WSPZ25,Z25,D1,2026-04-06,2025-12-19,2025-06-27,1750982400,6285.0,6290.0,6275.0,6275.0,11,1,11
WSP,WSPZ25,Z25,D1,2026-04-06,2025-12-19,2025-06-30,1751241600,6300.25,6300.25,6297.0,6297.0,2,1,2
WSP,WSPZ25,Z25,D1,2026-04-06,2025-12-19,2025-07-01,1751328000,6292.25,6305.0,6292.25,6300.0,4,1,4
WSP,WSPZ25,Z25,D1,2026-04-06,2025-12-19,2025-07-02,1751414400,6304.5,6325.0,6304.5,6325.0,2,1,2
WSP,WSPZ25,Z25,D1,2026-04-06,2025-12-19,2025-07-03,1751500800,6340.25,6400.0,6340.25,6395.0,18,1,18
WSP,WSPZ25,Z25,D1,2026-04-06,2025-12-19,2025-07-04,1751587200,6357.75,6357.75,6340.5,6340.5,5,1,5
WSP,WSPZ25,Z25,D1,2026-04-06,2025-12-19,2025-07-07,1751846400,6365.0,6365.0,6365.0,6365.0,1,1,1
WSP,WSPZ25,Z25,D1,2026-04-06,2025-12-19,2025-07-17,1752710400,6374.75,6400.0,6374.75,6400.0,4,1,4
WSP,WSPZ25,Z25,D1,2026-04-06,2025-12-19,2025-07-18,1752796800,6389.75,6389.75,6389.75,6389.75,1,1,1
WSP,WSPZ25,Z25,D1,2026-04-06,2025-12-19,2025-07-22,1753142400,6399.75,6410.0,6399.75,6410.0,4,1,4
WSP,WSPZ25,Z25,D1,2026-04-06,2025-12-19,2025-07-23,1753228800,6425.0,6460.0,6415.0,6455.0,19,1,19
WSP,WSPZ25,Z25,D1,2026-04-06,2025-12-19,2025-07-24,1753315200,6464.75,6475.0,6460.0,6460.0,17,1,17
WSP,WSPZ25,Z25,D1,2026-04-06,2025-12-19,2025-07-25,1753401600,6470.0,6491.75,6470.0,6491.75,8,1,19
WSP,WSPZ25,Z25,D1,2026-04-06,2025-12-19,2025-07-28,1753660800,6495.0,6497.5,6475.0,6482.5,19,1,19
WSP,WSPZ25,Z25,D1,2026-04-06,2025-12-19,2025-07-29,1753747200,6495.0,6497.5,6460.0,6465.0,23,1,23
WSP,WSPZ25,Z25,D1,2026-04-06,2025-12-19,2025-07-30,1753833600,6475.0,6490.0,6450.0,6485.0,22,1,26
WSP,WSPZ25,Z25,D1,2026-04-06,2025-12-19,2025-07-31,1753920000,6510.0,6519.0,6420.0,6435.0,35,1,64
WSP,WSPZ25,Z25,D1,2026-04-06,2025-12-19,2025-08-01,1754006400,6371.25,6375.0,6300.0,6322.0,26,1,53
WSP,WSPZ25,Z25,D1,2026-04-06,2025-12-19,2025-08-04,1754265600,6400.0,6424.25,6400.0,6424.25,3,1,3
WSP,WSPZ25,Z25,D1,2026-04-06,2025-12-19,2025-08-05,1754352000,6405.0,6405.0,6345.75,6345.75,3,1,12
WSP,WSPZ25,Z25,D1,2026-04-06,2025-12-19,2025-08-06,1754438400,6403.75,6429.25,6403.75,6428.0,7,1,15
WSP,WSPZ25,Z25,D1,2026-04-06,2025-12-19,2025-08-07,1754524800,6433.5,6433.5,6433.5,6433.5,1,1,20
WSP,WSPZ25,Z25,D1,2026-04-06,2025-12-19,2025-08-08,1754611200,6455.0,6475.0,6455.0,6470.5,5,1,24
WSP,WSPZ25,Z25,D1,2026-04-06,2025-12-19,2025-08-11,1754870400,6465.0,6485.0,6450.0,6450.0,4,1,4
WSP,WSPZ25,Z25,D1,2026-04-06,2025-12-19,2025-08-12,1754956800,6505.0,6525.0,6505.0,6525.0,6,1,8
WSP,WSPZ25,Z25,D1,2026-04-06,2025-12-19,2025-08-13,1755043200,6525.0,6557.5,6525.0,6545.0,27,1,27
WSP,WSPZ25,Z25,D1,2026-04-06,2025-12-19,2025-08-14,1755129600,6535.0,6550.0,6515.0,6545.0,68,1,68
WSP,WSPZ25,Z25,D1,2026-04-06,2025-12-19,2025-08-15,1755216000,6555.0,6555.0,6525.0,6525.0,27,1,27
WSP,WSPZ25,Z25,D1,2026-04-06,2025-12-19,2025-08-18,1755475200,6502.25,6530.0,6502.25,6525.0,6,1,10
WSP,WSPZ25,Z25,D1,2026-04-06,2025-12-19,2025-08-19,1755561600,6510.0,6510.0,6510.0,6510.0,1,1,1
WSP,WSPZ25,Z25,D1,2026-04-06,2025-12-19,2025-08-20,1755648000,6480.25,6480.25,6450.0,6465.0,3,1,3
WSP,WSPZ25,Z25,D1,2026-04-06,2025-12-19,2025-08-21,1755734400,6451.0,6451.0,6430.0,6430.0,3,1,10
WSP,WSPZ25,Z25,D1,2026-04-06,2025-12-19,2025-08-22,1755820800,6520.0,6552.0,6520.0,6552.0,6,1,7
WSP,WSPZ25,Z25,D1,2026-04-06,2025-12-19,2025-08-25,1756080000,6534.75,6534.75,6534.75,6534.75,1,1,1
WSP,WSPZ25,Z25,D1,2026-04-06,2025-12-19,2025-08-26,1756166400,6510.0,6540.0,6495.25,6540.0,10,1,55
WSP,WSPZ25,Z25,D1,2026-04-06,2025-12-19,2025-08-27,1756252800,6540.0,6560.0,6540.0,6560.0,4,1,22
WSP,WSPZ25,Z25,D1,2026-04-06,2025-12-19,2025-08-28,1756339200,6570.0,6570.0,6570.0,6570.0,1,1,1
WSP,WSPZ25,Z25,D1,2026-04-06,2025-12-19,2025-09-02,1756771200,6481.5,6481.5,6433.0,6481.0,10,1,11
WSP,WSPZ25,Z25,D1,2026-04-06,2025-12-19,2025-09-03,1756857600,6510.0,6510.0,6495.0,6495.0,2,1,10
WSP,WSPZ25,Z25,D1,2026-04-06,2025-12-19,2025-09-04,1756944000,6523.0,6573.75,6523.0,6573.75,11,1,44
WSP,WSPZ25,Z25,D1,2026-04-06,2025-12-19,2025-09-05,1757030400,6577.5,6595.25,6510.0,6540.75,40,1,280
WSP,WSPZ25,Z25,D1,2026-04-06,2025-12-19,2025-09-08,1757289600,6556.5,6575.75,6549.75,6562.25,11,1,75
WSP,WSPZ25,Z25,D1,2026-04-06,2025-12-19,2025-09-09,1757376000,6559.25,6593.0,6549.75,6592.0,32,1,100
WSP,WSPZ25,Z25,D1,2026-04-06,2025-12-19,2025-09-10,1757462400,6596.25,6619.0,6583.75,6594.0,80,1,243
WSP,WSPZ25,Z25,D1,2026-04-06,2025-12-19,2025-09-11,1757548800,6606.25,6656.0,6601.75,6649.75,155,1,421
WSP,WSPZ25,Z25,D1,2026-04-06,2025-12-19,2025-09-12,1757635200,6642.75,6663.75,6642.75,6648.25,125,1,505
WSP,WSPZ25,Z25,D1,2026-04-06,2025-12-19,2025-09-15,1757894400,6661.0,6684.25,6661.0,6679.25,1175,1,2364
WSP,WSPZ25,Z25,D1,2026-04-06,2025-12-19,2025-09-16,1757980800,6686.0,6692.5,6665.75,6672.75,764,1,2420
WSP,WSPZ25,Z25,D1,2026-04-06,2025-12-19,2025-09-17,1758067200,6663.0,6691.75,6616.75,6670.0,2246,1,9701
WSP,WSPZ25,Z25,D1,2026-04-06,2025-12-19,2025-09-18,1758153600,6711.25,6722.0,6677.0,6705.0,2161,1,8192
WSP,WSPZ25,Z25,D1,2026-04-06,2025-12-19,2025-09-19,1758240000,6701.25,6734.0,6691.0,6723.0,5870,1,17962
WSP,WSPZ25,Z25,D1,2026-04-06,2025-12-19,2025-09-22,1758499200,6705.0,6758.75,6701.75,6752.75,6009,1,16500
WSP,WSPZ25,Z25,D1,2026-04-06,2025-12-19,2025-09-23,1758585600,6751.75,6758.5,6705.25,6718.5,6141,1,16496
WSP,WSPZ25,Z25,D1,2026-04-06,2025-12-19,2025-09-24,1758672000,6726.75,6731.5,6681.5,6703.5,4995,1,12348
WSP,WSPZ25,Z25,D1,2026-04-06,2025-12-19,2025-09-25,1758758400,6670.5,6677.5,6627.5,6667.5,7475,1,21308
WSP,WSPZ25,Z25,D1,2026-04-06,2025-12-19,2025-09-26,1758844800,6667.5,6707.5,6660.0,6701.5,6443,1,18196
WSP,WSPZ25,Z25,D1,2026-04-06,2025-12-19,2025-09-29,1759104000,6728.0,6737.5,6699.0,6711.75,4801,1,12688
WSP,WSPZ25,Z25,D1,2026-04-06,2025-12-19,2025-09-30,1759190400,6704.5,6745.75,6695.75,6729.75,6170,1,17769
WSP,WSPZ25,Z25,D1,2026-04-06,2025-12-19,2025-10-01,1759276800,6717.75,6771.25,6705.25,6759.75,6962,1,21279
WSP,WSPZ25,Z25,D1,2026-04-06,2025-12-19,2025-10-02,1759363200,6777.75,6783.25,6744.0,6769.25,5510,1,14023
WSP,WSPZ25,Z25,D1,2026-04-06,2025-12-19,2025-10-03,1759449600,6774.0,6801.0,6756.5,6763.5,7407,1,21003
WSP,WSPZ25,Z25,D1,2026-04-06,2025-12-19,2025-10-06,1759708800,6787.5,6799.0,6768.75,6793.75,4825,1,13406
WSP,WSPZ25,Z25,D1,2026-04-06,2025-12-19,2025-10-07,1759795200,6792.0,6804.0,6750.0,6768.5,6417,1,16185
WSP,WSPZ25,Z25,D1,2026-04-06,2025-12-19,2025-10-08,1759881600,6773.0,6809.5,6766.75,6804.25,5094,1,15661
WSP,WSPZ25,Z25,D1,2026-04-06,2025-12-19,2025-10-09,1759968000,6801.75,6811.25,6763.5,6778.0,4803,1,16066
WSP,WSPZ25,Z25,D1,2026-04-06,2025-12-19,2025-10-10,1760054400,6788.0,6808.25,6550.0,6550.0,20435,1,54789
WSP,WSPZ25,Z25,D1,2026-04-06,2025-12-19,2025-10-13,1760313600,6662.75,6713.0,6660.5,6693.0,8534,1,24588
WSP,WSPZ25,Z25,D1,2026-04-06,2025-12-19,2025-10-14,1760400000,6638.25,6724.75,6597.0,6689.0,12896,1,43333
WSP,WSPZ25,Z25,D1,2026-04-06,2025-12-19,2025-10-15,1760486400,6729.25,6768.75,6654.5,6710.75,11245,1,34835
WSP,WSPZ25,Z25,D1,2026-04-06,2025-12-19,2025-10-16,1760572800,6738.0,6752.5,6635.0,6654.0,14374,1,37166
WSP,WSPZ25,Z25,D1,2026-04-06,2025-12-19,2025-10-17,1760659200,6650.25,6719.5,6643.5,6712.75,10932,1,29787
WSP,WSPZ25,Z25,D1,2026-04-06,2025-12-19,2025-10-20,1760918400,6724.25,6784.75,6723.75,6781.5,7213,1,21789
WSP,WSPZ25,Z25,D1,2026-04-06,2025-12-19,2025-10-21,1761004800,6780.25,6791.5,6761.25,6775.25,6636,1,18230
WSP,WSPZ25,Z25,D1,2026-04-06,2025-12-19,2025-10-22,1761091200,6770.0,6783.75,6694.5,6738.0,12041,1,33208
WSP,WSPZ25,Z25,D1,2026-04-06,2025-12-19,2025-10-23,1761177600,6727.75,6787.25,6722.5,6779.75,6790,1,20221
WSP,WSPZ25,Z25,D1,2026-04-06,2025-12-19,2025-10-24,1761264000,6797.75,6843.75,6795.75,6830.75,8343,1,23586
WSP,WSPZ25,Z25,D1,2026-04-06,2025-12-19,2025-10-27,1761523200,6881.25,6918.5,6878.5,6918.5,5252,1,16627
WSP,WSPZ25,Z25,D1,2026-04-06,2025-12-19,2025-10-28,1761609600,6913.5,6946.0,6905.25,6929.5,8170,1,20267
WSP,WSPZ25,Z25,D1,2026-04-06,2025-12-19,2025-10-29,1761696000,6946.75,6954.0,6884.0,6922.25,10269,1,30352
WSP,WSPZ25,Z25,D1,2026-04-06,2025-12-19,2025-10-30,1761782400,6923.25,6926.0,6853.75,6895.75,9136,1,26471
WSP,WSPZ25,Z25,D1,2026-04-06,2025-12-19,2025-10-31,1761868800,6907.75,6920.5,6846.5,6871.75,9713,1,32413
WSP,WSPZ25,Z25,D1,2026-04-06,2025-12-19,2025-11-03,1762128000,6898.0,6911.0,6852.5,6892.0,6412,1,16726
WSP,WSPZ25,Z25,D1,2026-04-06,2025-12-19,2025-11-04,1762214400,6814.75,6851.0,6795.0,6795.0,8881,1,27655
WSP,WSPZ25,Z25,D1,2026-04-06,2025-12-19,2025-11-05,1762300800,6786.25,6859.5,6784.5,6829.0,6525,1,21799
WSP,WSPZ25,Z25,D1,2026-04-06,2025-12-19,2025-11-06,1762387200,6830.75,6845.75,6736.5,6759.0,10332,1,27920
WSP,WSPZ25,Z25,D1,2026-04-06,2025-12-19,2025-11-07,1762473600,6737.25,6761.5,6659.0,6761.5,12890,1,41927
WSP,WSPZ25,Z25,D1,2026-04-06,2025-12-19,2025-11-10,1762732800,6821.0,6868.0,6795.5,6863.0,7934,1,26239
WSP,WSPZ25,Z25,D1,2026-04-06,2025-12-19,2025-11-11,1762819200,6845.5,6882.0,6833.75,6874.0,6374,1,18448
WSP,WSPZ25,Z25,D1,2026-04-06,2025-12-19,2025-11-12,1762905600,6884.25,6900.25,6855.0,6880.0,5562,1,16012
WSP,WSPZ25,Z25,D1,2026-04-06,2025-12-19,2025-11-13,1762992000,6867.75,6874.5,6749.75,6771.25,11605,1,41960
WSP,WSPZ25,Z25,D1,2026-04-06,2025-12-19,2025-11-14,1763078400,6714.25,6797.5,6674.5,6758.5,13120,1,41148
WSP,WSPZ25,Z25,D1,2026-04-06,2025-12-19,2025-11-17,1763337600,6773.5,6777.25,6661.5,6693.25,13334,1,41833
WSP,WSPZ25,Z25,D1,2026-04-06,2025-12-19,2025-11-18,1763424000,6674.25,6689.0,6597.0,6636.25,23793,1,65065
WSP,WSPZ25,Z25,D1,2026-04-06,2025-12-19,2025-11-19,1763510400,6661.25,6710.75,6625.25,6657.5,18242,1,52906
WSP,WSPZ25,Z25,D1,2026-04-06,2025-12-19,2025-11-21,1763683200,6554.5,6679.75,6534.5,6637.75,27992,1,75107
WSP,WSPZ25,Z25,D1,2026-04-06,2025-12-19,2025-11-24,1763942400,6642.0,6739.75,6642.0,6729.75,11057,1,26315
WSP,WSPZ25,Z25,D1,2026-04-06,2025-12-19,2025-11-25,1764028800,6713.25,6794.25,6677.25,6783.0,13003,1,35450
WSP,WSPZ25,Z25,D1,2026-04-06,2025-12-19,2025-11-26,1764115200,6799.0,6848.5,6789.25,6840.75,9222,1,24688
WSP,WSPZ25,Z25,D1,2026-04-06,2025-12-19,2025-11-27,1764201600,6830.0,6846.5,6824.25,6824.75,1151,1,2586
WSP,WSPZ25,Z25,D1,2026-04-06,2025-12-19,2025-11-28,1764288000,6834.75,6865.5,6826.0,6844.75,4856,1,8874
WSP,WSPZ25,Z25,D1,2026-04-06,2025-12-19,2025-12-01,1764547200,6825.0,6857.75,6808.0,6827.0,8848,1,22048
WSP,WSPZ25,Z25,D1,2026-04-06,2025-12-19,2025-12-02,1764633600,6844.0,6865.5,6820.0,6840.0,8601,1,19479
WSP,WSPZ25,Z25,D1,2026-04-06,2025-12-19,2025-12-03,1764720000,6853.5,6874.0,6820.0,6863.5,8151,1,22489
WSP,WSPZ25,Z25,D1,2026-04-06,2025-12-19,2025-12-04,1764806400,6865.25,6881.75,6837.25,6869.25,7930,1,21174
WSP,WSPZ25,Z25,D1,2026-04-06,2025-12-19,2025-12-05,1764892800,6880.0,6905.5,6858.0,6875.25,7286,1,21309
WSP,WSPZ25,Z25,D1,2026-04-06,2025-12-19,2025-12-08,1765152000,6878.0,6893.0,6835.75,6854.0,5599,1,13233
WSP,WSPZ25,Z25,D1,2026-04-06,2025-12-19,2025-12-09,1765238400,6863.0,6872.75,6845.5,6846.0,4919,1,11621
WSP,WSPZ25,Z25,D1,2026-04-06,2025-12-19,2025-12-10,1765324800,6845.0,6907.75,6831.0,6899.25,12150,1,27401
WSP,WSPZ25,Z25,D1,2026-04-06,2025-12-19,2025-12-11,1765411200,6864.5,6910.0,6839.5,6905.0,8770,1,21740
WSP,WSPZ25,Z25,D1,2026-04-06,2025-12-19,2025-12-12,1765497600,6892.5,6909.0,6805.75,6830.25,11542,1,29478
WSP,WSPZ25,Z25,D1,2026-04-06,2025-12-19,2025-12-15,1765756800,6864.25,6872.75,6807.0,6819.5,11556,1,27751
WSP,WSPZ25,Z25,D1,2026-04-06,2025-12-19,2025-12-16,1765843200,6812.75,6834.0,6762.25,6800.0,12422,1,29460
WSP,WSPZ25,Z25,D1,2026-04-06,2025-12-19,2025-12-17,1765929600,6822.75,6829.5,6721.0,6721.0,13551,1,23451
WSP,WSPZ25,Z25,D1,2026-04-06,2025-12-19,2025-12-18,1766016000,6755.25,6818.0,6749.0,6780.5,9895,1,19554
WSP,WSPZ25,Z25,D1,2026-04-06,2025-12-19,2025-12-19,1766102400,6795.0,6796.5,6779.0,6793.75,1468,1,2892
WSP,WSPH26,H26,D1,2026-04-06,2026-03-21,2025-09-18,1758153600,6746.75,6751.75,6746.75,6751.75,2,1,25
WSP,WSPH26,H26,D1,2026-04-06,2026-03-21,2025-09-19,1758240000,6751.75,6775.75,6751.75,6775.75,5,1,36
WSP,WSPH26,H26,D1,2026-04-06,2026-03-21,2025-09-22,1758499200,6765.75,6769.25,6765.75,6769.25,2,1,22
WSP,WSPH26,H26,D1,2026-04-06,2026-03-21,2025-09-23,1758585600,6792.75,6792.75,6774.75,6774.75,3,1,20
WSP,WSPH26,H26,D1,2026-04-06,2026-03-21,2025-09-24,1758672000,6779.75,6789.25,6738.75,6738.75,11,1,30
WSP,WSPH26,H26,D1,2026-04-06,2026-03-21,2025-09-25,1758758400,6723.5,6732.5,6699.75,6699.75,8,1,75
WSP,WSPH26,H26,D1,2026-04-06,2026-03-21,2025-09-26,1758844800,6732.5,6757.75,6723.75,6757.75,4,1,30
WSP,WSPH26,H26,D1,2026-04-06,2026-03-21,2025-09-29,1759104000,6762.75,6773.5,6756.75,6756.75,34,1,51
WSP,WSPH26,H26,D1,2026-04-06,2026-03-21,2025-09-30,1759190400,6774.75,6789.75,6774.75,6789.75,3,1,10
WSP,WSPH26,H26,D1,2026-04-06,2026-03-21,2025-10-01,1759276800,6789.75,6825.0,6789.75,6819.25,8,1,32
WSP,WSPH26,H26,D1,2026-04-06,2026-03-21,2025-10-02,1759363200,6837.75,6837.75,6816.75,6825.0,10,1,18
WSP,WSPH26,H26,D1,2026-04-06,2026-03-21,2025-10-03,1759449600,6837.75,6857.5,6819.75,6823.75,39,1,55
WSP,WSPH26,H26,D1,2026-04-06,2026-03-21,2025-10-06,1759708800,6835.0,6855.0,6830.0,6849.5,43,1,62
WSP,WSPH26,H26,D1,2026-04-06,2026-03-21,2025-10-07,1759795200,6850.0,6862.5,6809.75,6810.0,28,1,49
WSP,WSPH26,H26,D1,2026-04-06,2026-03-21,2025-10-08,1759881600,6826.75,6867.5,6826.75,6867.5,18,1,136
WSP,WSPH26,H26,D1,2026-04-06,2026-03-21,2025-10-09,1759968000,6865.0,6865.0,6843.5,6849.75,6,1,17
WSP,WSPH26,H26,D1,2026-04-06,2026-03-21,2025-10-10,1760054400,6857.75,6865.75,6649.75,6653.25,41,1,340
WSP,WSPH26,H26,D1,2026-04-06,2026-03-21,2025-10-13,1760313600,6737.75,6759.5,6727.0,6759.5,11,1,40
WSP,WSPH26,H26,D1,2026-04-06,2026-03-21,2025-10-14,1760400000,6721.75,6746.75,6721.75,6738.0,12,1,64
WSP,WSPH26,H26,D1,2026-04-06,2026-03-21,2025-10-16,1760572800,6776.0,6776.0,6776.0,6776.0,1,1,1
WSP,WSPH26,H26,D1,2026-04-06,2026-03-21,2025-10-17,1760659200,6745.0,6774.5,6745.0,6774.5,2,1,2
WSP,WSPH26,H26,D1,2026-04-06,2026-03-21,2025-10-20,1760918400,6778.0,6842.75,6778.0,6842.25,30,1,221
WSP,WSPH26,H26,D1,2026-04-06,2026-03-21,2025-10-22,1761091200,6781.0,6797.5,6755.5,6797.5,13,1,174
WSP,WSPH26,H26,D1,2026-04-06,2026-03-21,2025-10-23,1761177600,6830.0,6845.5,6818.5,6844.5,23,1,128
WSP,WSPH26,H26,D1,2026-04-06,2026-03-21,2025-10-24,1761264000,6890.5,6900.0,6890.5,6900.0,5,1,50
WSP,WSPH26,H26,D1,2026-04-06,2026-03-21,2025-10-27,1761523200,6930.5,6975.0,6930.5,6975.0,5,1,5
WSP,WSPH26,H26,D1,2026-04-06,2026-03-21,2025-10-28,1761609600,6985.0,7005.0,6975.0,6985.0,16,1,21
WSP,WSPH26,H26,D1,2026-04-06,2026-03-21,2025-10-29,1761696000,6997.5,7000.0,6950.0,6985.0,24,1,33
WSP,WSPH26,H26,D1,2026-04-06,2026-03-21,2025-10-30,1761782400,6975.0,6975.0,6945.0,6950.0,8,1,8
WSP,WSPH26,H26,D1,2026-04-06,2026-03-21,2025-10-31,1761868800,6925.0,6980.75,6925.0,6945.0,32,1,32
WSP,WSPH26,H26,D1,2026-04-06,2026-03-21,2025-11-03,1762128000,6956.25,6957.25,6937.0,6941.0,34,1,208
WSP,WSPH26,H26,D1,2026-04-06,2026-03-21,2025-11-04,1762214400,6873.5,6873.5,6863.5,6873.5,3,1,12
WSP,WSPH26,H26,D1,2026-04-06,2026-03-21,2025-11-05,1762300800,6857.5,6927.75,6857.5,6927.75,32,1,248
WSP,WSPH26,H26,D1,2026-04-06,2026-03-21,2025-11-10,1762732800,6879.25,6923.75,6879.25,6921.75,10,1,80
WSP,WSPH26,H26,D1,2026-04-06,2026-03-21,2025-11-14,1763078400,6738.25,6738.25,6738.25,6738.25,1,1,5
WSP,WSPH26,H26,D1,2026-04-06,2026-03-21,2025-11-19,1763510400,6702.5,6702.5,6702.5,6702.5,3,1,6
WSP,WSPH26,H26,D1,2026-04-06,2026-03-21,2025-11-21,1763683200,6604.75,6713.0,6604.75,6713.0,3,1,3
WSP,WSPH26,H26,D1,2026-04-06,2026-03-21,2025-11-24,1763942400,6780.0,6789.75,6780.0,6789.75,2,1,6
WSP,WSPH26,H26,D1,2026-04-06,2026-03-21,2025-11-25,1764028800,6750.0,6800.0,6750.0,6800.0,2,1,2
WSP,WSPH26,H26,D1,2026-04-06,2026-03-21,2025-11-26,1764115200,6865.0,6903.25,6860.25,6895.5,6,1,7
WSP,WSPH26,H26,D1,2026-04-06,2026-03-21,2025-11-27,1764201600,6894.0,6897.0,6894.0,6897.0,2,1,2
WSP,WSPH26,H26,D1,2026-04-06,2026-03-21,2025-12-01,1764547200,6896.0,6910.25,6879.5,6897.0,13,1,146
WSP,WSPH26,H26,D1,2026-04-06,2026-03-21,2025-12-02,1764633600,6909.25,6921.25,6883.0,6898.25,14,1,71
WSP,WSPH26,H26,D1,2026-04-06,2026-03-21,2025-12-03,1764720000,6924.75,6932.75,6924.75,6932.0,6,1,21
WSP,WSPH26,H26,D1,2026-04-06,2026-03-21,2025-12-04,1764806400,6934.5,6938.5,6901.75,6901.75,9,1,10
WSP,WSPH26,H26,D1,2026-04-06,2026-03-21,2025-12-05,1764892800,6939.5,6953.25,6920.75,6930.0,21,1,52
WSP,WSPH26,H26,D1,2026-04-06,2026-03-21,2025-12-08,1765152000,6950.25,6950.25,6900.0,6904.25,11,1,47
WSP,WSPH26,H26,D1,2026-04-06,2026-03-21,2025-12-10,1765324800,6960.0,6960.0,6960.0,6960.0,1,1,1
WSP,WSPH26,H26,D1,2026-04-06,2026-03-21,2025-12-11,1765411200,6905.0,6968.0,6905.0,6968.0,5,1,9
WSP,WSPH26,H26,D1,2026-04-06,2026-03-21,2025-12-12,1765497600,6951.0,6971.0,6867.75,6892.0,55,1,310
WSP,WSPH26,H26,D1,2026-04-06,2026-03-21,2025-12-15,1765756800,6932.25,6932.75,6872.25,6886.75,501,1,2914
WSP,WSPH26,H26,D1,2026-04-06,2026-03-21,2025-12-16,1765843200,6877.25,6895.25,6823.75,6874.0,425,1,2762
WSP,WSPH26,H26,D1,2026-04-06,2026-03-21,2025-12-17,1765929600,6881.5,6886.25,6780.0,6780.0,1844,1,6659
WSP,WSPH26,H26,D1,2026-04-06,2026-03-21,2025-12-18,1766016000,6809.75,6875.5,6807.25,6833.25,3806,1,9518
WSP,WSPH26,H26,D1,2026-04-06,2026-03-21,2025-12-19,1766102400,6840.25,6898.0,6833.5,6893.5,7492,1,19229
WSP,WSPH26,H26,D1,2026-04-06,2026-03-21,2025-12-22,1766361600,6911.25,6939.75,6911.25,6933.5,5077,1,12576
WSP,WSPH26,H26,D1,2026-04-06,2026-03-21,2025-12-23,1766448000,6933.5,6980.0,6917.25,6980.0,4371,1,10557
WSP,WSPH26,H26,D1,2026-04-06,2026-03-21,2025-12-26,1766707200,6977.5,6995.75,6972.5,6981.75,3458,1,7869
WSP,WSPH26,H26,D1,2026-04-06,2026-03-21,2025-12-29,1766966400,6970.0,6971.5,6939.75,6961.0,4421,1,9115
WSP,WSPH26,H26,D1,2026-04-06,2026-03-21,2025-12-30,1767052800,6954.0,6964.25,6944.0,6950.0,2935,1,6083
WSP,WSPH26,H26,D1,2026-04-06,2026-03-21,2026-01-02,1767312000,6934.75,6943.25,6870.75,6905.25,13070,1,32514
WSP,WSPH26,H26,D1,2026-04-06,2026-03-21,2026-01-05,1767571200,6924.5,6967.0,6916.25,6954.75,7116,1,18579
WSP,WSPH26,H26,D1,2026-04-06,2026-03-21,2026-01-06,1767657600,6944.5,6998.0,6943.0,6998.0,5310,1,13808
WSP,WSPH26,H26,D1,2026-04-06,2026-03-21,2026-01-07,1767744000,6984.0,7010.25,6964.0,6969.75,5690,1,15853
WSP,WSPH26,H26,D1,2026-04-06,2026-03-21,2026-01-08,1767830400,6953.75,6976.75,6944.25,6969.5,7231,1,18914
WSP,WSPH26,H26,D1,2026-04-06,2026-03-21,2026-01-09,1767916800,6973.75,7021.0,6960.25,7010.0,7987,1,21951
WSP,WSPH26,H26,D1,2026-04-06,2026-03-21,2026-01-12,1768176000,6966.25,7027.75,6965.25,7020.5,5097,1,13642
WSP,WSPH26,H26,D1,2026-04-06,2026-03-21,2026-01-13,1768262400,7012.0,7039.5,6980.75,7012.5,9897,1,24790
WSP,WSPH26,H26,D1,2026-04-06,2026-03-21,2026-01-14,1768348800,6976.5,6984.75,6927.5,6968.75,11685,1,30973
WSP,WSPH26,H26,D1,2026-04-06,2026-03-21,2026-01-15,1768435200,6992.25,7020.0,6976.5,6979.0,7423,1,21082
WSP,WSPH26,H26,D1,2026-04-06,2026-03-21,2026-01-16,1768521600,6994.0,7004.5,6963.75,6975.0,5862,1,15367
WSP,WSPH26,H26,D1,2026-04-06,2026-03-21,2026-01-19,1768780800,6901.0,6927.0,6891.75,6913.0,3018,1,6021
WSP,WSPH26,H26,D1,2026-04-06,2026-03-21,2026-01-20,1768867200,6871.5,6907.5,6826.5,6831.75,15261,1,38515
WSP,WSPH26,H26,D1,2026-04-06,2026-03-21,2026-01-21,1768953600,6822.0,6947.5,6818.0,6914.0,20743,1,56343
WSP,WSPH26,H26,D1,2026-04-06,2026-03-21,2026-01-22,1769040000,6948.0,6970.75,6928.75,6949.25,7808,1,18274
WSP,WSPH26,H26,D1,2026-04-06,2026-03-21,2026-01-23,1769126400,6937.0,6967.5,6928.25,6948.75,6527,1,17339
WSP,WSPH26,H26,D1,2026-04-06,2026-03-21,2026-01-26,1769385600,6941.25,6998.0,6941.25,6989.25,5844,1,13848
WSP,WSPH26,H26,D1,2026-04-06,2026-03-21,2026-01-27,1769472000,7002.5,7021.5,6991.5,7009.5,4787,1,12500
WSP,WSPH26,H26,D1,2026-04-06,2026-03-21,2026-01-28,1769558400,7035.0,7037.25,6994.5,7000.75,6455,1,15673
WSP,WSPH26,H26,D1,2026-04-06,2026-03-21,2026-01-29,1769644800,7023.25,7030.25,6902.0,6993.5,14834,1,40569
WSP,WSPH26,H26,D1,2026-04-06,2026-03-21,2026-01-30,1769731200,6976.0,6993.0,6921.75,6969.0,15965,1,39040
WSP,WSPH26,H26,D1,2026-04-06,2026-03-21,2026-02-02,1769990400,6932.0,7019.25,6932.0,7006.75,7558,1,18910
WSP,WSPH26,H26,D1,2026-04-06,2026-03-21,2026-02-03,1770076800,7015.0,7025.0,6888.75,6943.75,16934,1,47331
WSP,WSPH26,H26,D1,2026-04-06,2026-03-21,2026-02-04,1770163200,6963.0,6966.25,6862.0,6898.0,23758,1,66536
WSP,WSPH26,H26,D1,2026-04-06,2026-03-21,2026-02-05,1770249600,6914.75,6923.0,6803.5,6826.5,19073,1,45162
WSP,WSPH26,H26,D1,2026-04-06,2026-03-21,2026-02-06,1770336000,6865.0,6968.0,6847.5,6950.5,14967,1,37534
WSP,WSPH26,H26,D1,2026-04-06,2026-03-21,2026-02-09,1770595200,6938.5,7002.25,6926.75,6986.5,10253,1,25632
WSP,WSPH26,H26,D1,2026-04-06,2026-03-21,2026-02-10,1770681600,6995.25,7008.5,6959.75,6963.25,9776,1,22398
WSP,WSPH26,H26,D1,2026-04-06,2026-03-21,2026-02-11,1770768000,6967.25,7013.5,6934.25,6954.75,12336,1,26885
WSP,WSPH26,H26,D1,2026-04-06,2026-03-21,2026-02-12,1770854400,6985.0,6995.5,6844.25,6855.75,16203,1,40478
WSP,WSPH26,H26,D1,2026-04-06,2026-03-21,2026-02-13,1770940800,6840.0,6899.75,6811.0,6846.0,18266,1,45525
WSP,WSPH26,H26,D1,2026-04-06,2026-03-21,2026-02-18,1771372800,6920.0,6926.75,6874.0,6892.0,4694,1,11869
WSP,WSPH26,H26,D1,2026-04-06,2026-03-21,2026-02-19,1771459200,6879.75,6895.0,6848.5,6881.75,8873,1,22325
WSP,WSPH26,H26,D1,2026-04-06,2026-03-21,2026-02-20,1771545600,6869.0,6932.5,6849.25,6926.0,16314,1,41498
WSP,WSPH26,H26,D1,2026-04-06,2026-03-21,2026-02-23,1771804800,6901.0,6931.25,6834.0,6854.25,9373,1,24900
WSP,WSPH26,H26,D1,2026-04-06,2026-03-21,2026-02-24,1771891200,6866.0,6912.75,6829.75,6905.25,8736,1,21191
WSP,WSPH26,H26,D1,2026-04-06,2026-03-21,2026-02-25,1771977600,6925.5,6967.0,6921.0,6960.5,5314,1,13921
WSP,WSPH26,H26,D1,2026-04-06,2026-03-21,2026-02-26,1772064000,6957.75,6971.75,6873.0,6917.0,11730,1,29017
WSP,WSPH26,H26,D1,2026-04-06,2026-03-21,2026-02-27,1772150400,6886.75,6895.0,6842.5,6892.5,8996,1,18895
WSP,WSPH26,H26,D1,2026-04-06,2026-03-21,2026-03-02,1772409600,6824.25,6911.5,6803.75,6888.0,10241,1,28951
WSP,WSPH26,H26,D1,2026-04-06,2026-03-21,2026-03-03,1772496000,6778.0,6850.0,6721.0,6826.5,14829,1,40437
WSP,WSPH26,H26,D1,2026-04-06,2026-03-21,2026-03-04,1772582400,6841.75,6894.25,6814.75,6874.0,8812,1,22704
WSP,WSPH26,H26,D1,2026-04-06,2026-03-21,2026-03-05,1772668800,6871.5,6881.25,6778.25,6831.25,8672,1,21161
WSP,WSPH26,H26,D1,2026-04-06,2026-03-21,2026-03-06,1772755200,6795.75,6803.5,6717.25,6745.75,9957,1,26662
WSP,WSPH26,H26,D1,2026-04-06,2026-03-21,2026-03-09,1773014400,6672.75,6818.25,6641.5,6812.5,12964,1,33383
WSP,WSPH26,H26,D1,2026-04-06,2026-03-21,2026-03-10,1773100800,6793.75,6853.0,6766.0,6796.75,9729,1,27798
WSP,WSPH26,H26,D1,2026-04-06,2026-03-21,2026-03-11,1773187200,6783.25,6823.75,6750.75,6774.5,8227,1,20149
WSP,WSPH26,H26,D1,2026-04-06,2026-03-21,2026-03-12,1773273600,6743.0,6744.5,6672.5,6696.75,9622,1,24097
WSP,WSPH26,H26,D1,2026-04-06,2026-03-21,2026-03-13,1773360000,6705.5,6737.0,6627.0,6629.75,9095,1,22861
WSP,WSPH26,H26,D1,2026-04-06,2026-03-21,2026-03-16,1773619200,6688.5,6733.25,6685.0,6701.0,6872,1,19067
WSP,WSPH26,H26,D1,2026-04-06,2026-03-21,2026-03-17,1773705600,6697.75,6757.0,6692.25,6730.0,6918,1,19220
WSP,WSPH26,H26,D1,2026-04-06,2026-03-21,2026-03-18,1773792000,6747.0,6747.0,6605.25,6614.75,11684,1,25357
WSP,WSPH26,H26,D1,2026-04-06,2026-03-21,2026-03-19,1773878400,6603.75,6639.0,6562.25,6620.5,8224,1,16879
WSP,WSPH26,H26,D1,2026-04-06,2026-03-21,2026-03-20,1773964800,6586.75,6597.25,6580.0,6594.5,270,1,1053
WSP,WSPM26,M26,D1,2026-04-06,2026-06-19,2026-01-09,1767916800,7050.0,7068.0,7050.0,7068.0,5,1,6
WSP,WSPM26,M26,D1,2026-04-06,2026-06-19,2026-01-12,1768176000,7024.0,7075.0,7024.0,7075.0,18,1,19
WSP,WSPM26,M26,D1,2026-04-06,2026-06-19,2026-01-13,1768262400,7072.5,7080.0,7045.0,7055.0,47,1,47
WSP,WSPM26,M26,D1,2026-04-06,2026-06-19,2026-01-14,1768348800,7035.0,7035.0,6994.0,6995.0,5,1,8
WSP,WSPM26,M26,D1,2026-04-06,2026-06-19,2026-01-15,1768435200,7070.25,7070.25,7070.0,7070.0,3,1,7
WSP,WSPM26,M26,D1,2026-04-06,2026-06-19,2026-01-19,1768780800,6960.0,6960.0,6960.0,6960.0,1,1,1
WSP,WSPM26,M26,D1,2026-04-06,2026-06-19,2026-01-20,1768867200,6950.0,6950.0,6945.0,6945.0,2,1,2
WSP,WSPM26,M26,D1,2026-04-06,2026-06-19,2026-01-21,1768953600,6888.0,6888.0,6888.0,6888.0,1,1,1
WSP,WSPM26,M26,D1,2026-04-06,2026-06-19,2026-01-27,1769472000,7055.0,7055.0,7055.0,7055.0,2,1,6
WSP,WSPM26,M26,D1,2026-04-06,2026-06-19,2026-01-29,1769644800,7033.0,7033.0,7033.0,7033.0,1,1,5
WSP,WSPM26,M26,D1,2026-04-06,2026-06-19,2026-01-30,1769731200,6989.0,6989.0,6989.0,6989.0,2,1,6
WSP,WSPM26,M26,D1,2026-04-06,2026-06-19,2026-02-03,1770076800,7084.0,7084.0,7084.0,7084.0,1,1,6
WSP,WSPM26,M26,D1,2026-04-06,2026-06-19,2026-02-05,1770249600,6912.5,6912.5,6912.5,6912.5,1,1,6
WSP,WSPM26,M26,D1,2026-04-06,2026-06-19,2026-02-06,1770336000,6965.75,6980.0,6965.75,6977.75,3,1,3
WSP,WSPM26,M26,D1,2026-04-06,2026-06-19,2026-02-12,1770854400,6970.0,6970.0,6970.0,6970.0,1,1,1
WSP,WSPM26,M26,D1,2026-04-06,2026-06-19,2026-02-18,1771372800,6960.0,6967.25,6960.0,6967.25,2,1,6
WSP,WSPM26,M26,D1,2026-04-06,2026-06-19,2026-02-24,1771891200,6950.5,6950.5,6940.5,6946.0,3,1,3
WSP,WSPM26,M26,D1,2026-04-06,2026-06-19,2026-02-25,1771977600,7001.0,7001.75,7001.0,7001.75,2,1,2
WSP,WSPM26,M26,D1,2026-04-06,2026-06-19,2026-02-26,1772064000,6981.0,6981.0,6965.75,6969.75,14,1,148
WSP,WSPM26,M26,D1,2026-04-06,2026-06-19,2026-02-27,1772150400,6935.0,6938.75,6909.0,6938.75,5,1,6
WSP,WSPM26,M26,D1,2026-04-06,2026-06-19,2026-03-02,1772409600,6871.25,6871.25,6871.25,6871.25,1,1,1
WSP,WSPM26,M26,D1,2026-04-06,2026-06-19,2026-03-03,1772496000,6834.0,6874.0,6790.0,6874.0,4,1,12
WSP,WSPM26,M26,D1,2026-04-06,2026-06-19,2026-03-04,1772582400,6940.0,6940.0,6940.0,6940.0,1,1,1
WSP,WSPM26,M26,D1,2026-04-06,2026-06-19,2026-03-05,1772668800,6916.0,6916.0,6851.0,6878.0,3,1,3
WSP,WSPM26,M26,D1,2026-04-06,2026-06-19,2026-03-06,1772755200,6846.0,6846.0,6820.25,6820.25,2,1,2
WSP,WSPM26,M26,D1,2026-04-06,2026-06-19,2026-03-09,1773014400,6720.0,6878.0,6695.0,6844.25,9,1,15
WSP,WSPM26,M26,D1,2026-04-06,2026-06-19,2026-03-10,1773100800,6838.0,6838.0,6838.0,6838.0,1,1,1
WSP,WSPM26,M26,D1,2026-04-06,2026-06-19,2026-03-11,1773187200,6829.25,6837.25,6809.25,6837.25,29,1,423
WSP,WSPM26,M26,D1,2026-04-06,2026-06-19,2026-03-12,1773273600,6781.0,6781.0,6733.0,6733.0,4,1,2
WSP,WSPM26,M26,D1,2026-04-06,2026-06-19,2026-03-13,1773360000,6761.0,6784.5,6681.0,6683.0,202,1,425
WSP,WSPM26,M26,D1,2026-04-06,2026-06-19,2026-03-16,1773619200,6739.25,6789.0,6739.25,6753.75,173,1,340
WSP,WSPM26,M26,D1,2026-04-06,2026-06-19,2026-03-17,1773705600,6751.0,6812.0,6750.0,6780.0,760,1,2629
WSP,WSPM26,M26,D1,2026-04-06,2026-06-19,2026-03-18,1773792000,6793.25,6795.0,6662.25,6674.5,2490,1,6722
WSP,WSPM26,M26,D1,2026-04-06,2026-06-19,2026-03-19,1773878400,6662.75,6698.0,6619.75,6678.5,2578,1,12137
WSP,WSPM26,M26,D1,2026-04-06,2026-06-19,2026-03-20,1773964800,6639.5,6652.5,6528.75,6588.0,10262,1,25502
WSP,WSPM26,M26,D1,2026-04-06,2026-06-19,2026-03-23,1774224000,6635.0,6709.0,6621.5,6630.75,11117,1,32713
WSP,WSPM26,M26,D1,2026-04-06,2026-06-19,2026-03-24,1774310400,6630.0,6682.0,6579.0,6650.0,9093,1,22777
WSP,WSPM26,M26,D1,2026-04-06,2026-06-19,2026-03-25,1774396800,6671.0,6688.5,6621.0,6644.0,7394,1,19433
WSP,WSPM26,M26,D1,2026-04-06,2026-06-19,2026-03-26,1774483200,6582.5,6625.25,6522.0,6542.25,8613,1,21727
WSP,WSPM26,M26,D1,2026-04-06,2026-06-19,2026-03-27,1774569600,6506.0,6509.5,6393.5,6397.5,13688,1,34020
WSP,WSPM26,M26,D1,2026-04-06,2026-06-19,2026-03-30,1774828800,6450.25,6474.0,6363.75,6386.75,9559,1,23697
WSP,WSPM26,M26,D1,2026-04-06,2026-06-19,2026-03-31,1774915200,6454.5,6586.0,6442.5,6571.5,16429,1,44542
WSP,WSPM26,M26,D1,2026-04-06,2026-06-19,2026-04-01,1775001600,6628.25,6657.25,6594.0,6624.75,11094,1,28852
WSP,WSPM26,M26,D1,2026-04-06,2026-06-19,2026-04-02,1775088000,6512.25,6648.25,6508.0,6624.5,10621,1,32604
WSP,WSPM26,M26,D1,2026-04-06,2026-06-19,2026-04-06,1775433600,6624.0,6667.0,6623.0,6655.5,7871,0,17554
